transaction_id,timestamp,sender_name,sender_upi_id,sender_bank,receiver_name,receiver_upi_id,receiver_bank,amount_inr,transaction_type,category,upi_app,device_os,location_state,status,failure_reason,transaction_date,transaction_hour,day_of_week,month,year,amount_valid,failure_reason_valid,amount_category,sender_transaction_count,sender_total_amount,sender_average_amount,sender_amount_std,receiver_transaction_count,receiver_total_amount,receiver_average_amount,iqr_anomaly,isolation_forest_anomaly,isolation_forest_score,time_series_volume_anomaly,time_series_amount_anomaly,time_series_anomaly,anomaly_count,anomaly_type,isolation_forest_new,lof_anomaly,one_class_svm_anomaly,ml_model_agreement,risk_score,risk_level,risk_signal_count,investigation_required
UPI2026099035277921,2024-01-04 16:51:51,Pooja Mehta,pooja.mehta602@barodampay,HDFC Bank,Chai Point,chaipoint@upi,Union Bank of India,44.88,P2M,Food & Dining,PhonePe,Android,Kerala,SUCCESS,,2024-01-04,16,3,1,2024,True,True,Low,28,138714.71,4954.096785714285,11142.503293840764,20,15730.03,786.5015000000001,0,1,-0.0346325570016287,0,0,0,1,Single Signal,1,0,1,2,40.0,Medium,3,No
UPI2026091797308582,2024-01-05 20:17:00,Krishna Singh,krishna.singh413@ibl,Punjab National Bank,Pooja Nair,pooja.nair97@okaxis,State Bank of India,38397.81,P2P,Peer Transfer,PhonePe,Android,Rajasthan,SUCCESS,,2024-01-05,20,4,1,2024,True,True,Very High,18,77092.01,4282.889444444444,9894.480061587205,9,86757.61,9639.734444444444,1,0,0.0021518975487776,0,0,0,1,Single Signal,0,1,1,2,40.0,Medium,3,No
UPI2026091205832445,2024-01-07 00:52:47,Aanya Deshmukh,aanya.deshmukh271@ibl,ICICI Bank,Anjali Agarwal,anjali.agarwal67@okaxis,HDFC Bank,9084.29,P2P,Peer Transfer,PhonePe,Android,West Bengal,FAILED,INSUFFICIENT_FUNDS,2024-01-07,0,6,1,2024,True,True,Very High,20,83610.25,4180.5125,8438.282601108303,15,88831.84,5922.122666666666,1,0,0.051828109476622,0,0,0,1,Single Signal,0,1,1,2,40.0,Medium,3,No
UPI2026091062440902,2024-01-07 01:07:58,Arjun Mishra,arjun.mishra810@ybl,Punjab National Bank,Kabir Pandey,kabir.pandey562@apl,Canara Bank,45570.07,P2P,Peer Transfer,PhonePe,Android,Kerala,SUCCESS,,2024-01-07,1,6,1,2024,True,True,Very High,23,131234.44999999998,5705.845652173913,11891.0205034398,11,152238.2,13839.836363636365,1,1,-0.0125876001699404,0,0,0,2,Multiple Signals,1,0,1,2,55.0,Medium,4,No
UPI2026098034990512,2024-01-07 09:29:56,Reyansh Deshmukh,reyansh.deshmukh451@ibl,Bank of Baroda,Pooja Banerjee,pooja.banerjee201@oksbi,Union Bank of India,9417.58,P2P,Peer Transfer,BHIM,Android,Gujarat,SUCCESS,,2024-01-07,9,6,1,2024,True,True,Very High,17,86164.77,5068.515882352942,9954.839071088152,8,27257.83,3407.22875,1,1,-0.0085463559427879,0,0,0,2,Multiple Signals,1,1,1,3,70.0,High,5,Yes
UPI2026097032461704,2024-01-07 21:48:25,Tanvi Reddy,tanvi.reddy166@ibl,ICICI Bank,Reyansh Kapoor,reyansh.kapoor22@barodampay,Kotak Mahindra Bank,9117.95,P2P,Peer Transfer,PhonePe,iOS,Rajasthan,SUCCESS,,2024-01-07,21,6,1,2024,True,True,Very High,24,65053.61,2710.5670833333334,3007.080756989466,5,30432.18,6086.436,1,0,0.0395721765327941,0,0,0,1,Single Signal,0,1,1,2,40.0,Medium,3,No
UPI2026098308999513,2024-01-07 23:18:33,Ishaan Kumar,ishaan.kumar563@ybl,ICICI Bank,Krishna Kumar,krishna.kumar89@ybl,State Bank of India,17202.06,P2P,Peer Transfer,Google Pay,iOS,Karnataka,SUCCESS,,2024-01-07,23,6,1,2024,True,True,Very High,32,218609.16,6831.53625,11499.709856278632,8,42516.23,5314.52875,1,0,0.0332065471644978,0,0,0,1,Single Signal,0,1,1,2,40.0,Medium,3,No
UPI2026096555597696,2024-01-09 03:10:35,Aadhya Sharma,aadhya.sharma409@ybl,Canara Bank,Decathlon,decathlon@paytm,ICICI Bank,5238.67,P2M,Shopping,CRED,Android,Uttar Pradesh,SUCCESS,,2024-01-09,3,1,1,2024,True,True,Very High,25,171696.02000000002,6867.840800000001,14058.01821902152,20,104053.18,5202.659,0,1,-0.0016533489782101,0,0,0,1,Single Signal,1,1,1,3,55.0,Medium,4,No
UPI2026097785578957,2024-01-09 03:31:37,Amit Nair,amit.nair56@okaxis,Bank of Baroda,Vihaan Mehta,vihaan.mehta909@barodampay,State Bank of India,49678.85,P2P,Peer Transfer,PhonePe,iOS,Kerala,FAILED,INSUFFICIENT_FUNDS,2024-01-09,3,1,1,2024,True,True,Very High,22,139868.22,6357.646363636363,12929.19930014397,9,114161.04,12684.56,1,1,-0.0023239207576064,0,0,0,2,Multiple Signals,1,0,1,2,55.0,Medium,4,No
UPI2026092908173325,2024-01-09 23:47:08,Ramesh Nair,ramesh.nair935@okhdfcbank,HDFC Bank,Amit Kapoor,amit.kapoor565@apl,Bank of Baroda,43098.24,P2P,Peer Transfer,PhonePe,iOS,Telangana,SUCCESS,,2024-01-09,23,1,1,2024,True,True,Very High,24,120235.42,5009.809166666667,10703.25044767686,3,43997.98,14665.993333333332,1,1,-0.0180937224440621,0,0,0,2,Multiple Signals,1,0,1,2,55.0,Medium,4,No
UPI2026099693976563,2024-01-10 17:26:45,Pari Joshi,pari.joshi77@okaxis,IndusInd Bank,Netflix India,netflixind@okicici,IndusInd Bank,959.3,P2M,Entertainment,Google Pay,Android,Telangana,SUCCESS,,2024-01-10,17,2,1,2024,True,True,Medium,23,113363.63,4928.853478260869,9853.763202566368,21,15664.26,745.9171428571428,0,1,-0.0376790765260997,0,0,0,1,Single Signal,1,0,1,2,40.0,Medium,3,No
UPI2026099388375853,2024-01-11 00:34:10,Advik Malhotra,advik.malhotra30@barodampay,ICICI Bank,Kabir Menon,kabir.menon613@upi,IndusInd Bank,9099.54,P2P,Peer Transfer,PhonePe,iOS,Delhi NCR,SUCCESS,,2024-01-11,0,3,1,2024,True,True,Very High,28,113889.86,4067.495,4740.471683895868,9,64971.41,7219.045555555556,1,0,0.07790386638678,1,0,1,2,Multiple Signals,0,0,0,0,30.0,Medium,2,No
UPI2026091386022059,2024-01-11 01:26:31,Anjali Deshmukh,anjali.deshmukh485@apl,ICICI Bank,Ayaan Chatterjee,ayaan.chatterjee996@oksbi,ICICI Bank,9755.88,P2P,Peer Transfer,Google Pay,Android,Tamil Nadu,PENDING,AWAITING_BANK_CONFIRMATION,2024-01-11,1,3,1,2024,True,True,Very High,28,102001.77,3642.9203571428575,5816.4203199922185,14,88311.73,6307.980714285714,1,0,0.0883373327737035,1,0,1,2,Multiple Signals,0,0,0,0,30.0,Medium,2,No
UPI2026095957111383,2024-01-11 13:19:52,Rahul Kulkarni,rahul.kulkarni352@oksbi,Punjab National Bank,Prisha Kapoor,prisha.kapoor756@okhdfcbank,State Bank of India,9651.32,P2P,Peer Transfer,Google Pay,Android,Karnataka,SUCCESS,,2024-01-11,13,3,1,2024,True,True,Very High,25,108687.1,4347.484,8978.21477630622,8,41515.6,5189.45,1,0,0.1205544346659184,1,0,1,2,Multiple Signals,0,0,0,0,30.0,Medium,2,No
UPI2026097966367342,2024-01-11 16:09:55,Anvi Bhat,anvi.bhat15@oksbi,HDFC Bank,Vivaan Patel,vivaan.patel311@okaxis,Bank of Baroda,28913.99,P2P,Peer Transfer,Paytm,Android,Uttar Pradesh,SUCCESS,,2024-01-11,16,3,1,2024,True,True,Very High,28,111437.54,3979.912142857143,7044.489870532832,9,83005.85,9222.872222222222,1,0,0.0636378248065325,1,0,1,2,Multiple Signals,0,0,0,0,30.0,Medium,2,No
UPI2026093605492765,2024-01-11 20:34:36,Amit Nair,amit.nair56@okaxis,Bank of Baroda,Cult.fit,cult.fit@okaxis,HDFC Bank,4986.27,P2M,Health & Fitness,PhonePe,Android,Kerala,SUCCESS,,2024-01-11,20,3,1,2024,True,True,High,22,139868.22,6357.646363636363,12929.19930014397,25,74312.04,2972.4816,0,1,-0.0290926698578896,1,0,1,2,Multiple Signals,1,0,0,1,40.0,Medium,3,No
UPI2026092589975888,2024-01-11 21:12:43,Aditya Kapoor,aditya.kapoor348@oksbi,Union Bank of India,Myra Bhat,myra.bhat533@oksbi,Bank of Baroda,39388.64,P2P,Peer Transfer,Google Pay,Android,Delhi NCR,SUCCESS,,2024-01-11,21,3,1,2024,True,True,Very High,24,145591.85,6066.327083333334,12020.703259518366,10,55786.7,5578.67,1,0,0.0327720018237142,1,0,1,2,Multiple Signals,0,0,0,0,30.0,Medium,2,No
UPI2026097521297485,2024-01-11 21:28:03,Kabir Verma,kabir.verma580@barodampay,ICICI Bank,Myntra,myntra@okicici,State Bank of India,8414.66,P2M,Shopping,CRED,Android,Gujarat,SUCCESS,,2024-01-11,21,3,1,2024,True,True,Very High,14,107448.28,7674.877142857143,12166.429013119812,27,145837.02,5401.371111111111,1,0,0.1046427402616384,1,0,1,2,Multiple Signals,0,1,0,1,40.0,Medium,3,No
UPI2026099621955738,2024-01-11 22:43:25,Prisha Rao,prisha.rao696@upi,Bank of Baroda,Kabir Kapoor,kabir.kapoor81@ybl,Punjab National Bank,48305.62,P2P,Peer Transfer,PhonePe,Android,Kerala,SUCCESS,,2024-01-11,22,3,1,2024,True,True,Very High,25,88392.99,3535.7196000000004,9698.238060232678,10,104645.24,10464.524,1,1,-0.0003943331355764,1,0,1,3,All Methods,1,0,1,2,70.0,High,5,Yes
UPI2026096452695045,2024-01-12 22:33:11,Riya Pandey,riya.pandey951@upi,ICICI Bank,Kabir Pandey,kabir.pandey562@apl,Canara Bank,8864.42,P2P,Peer Transfer,BHIM,iOS,Maharashtra,SUCCESS,,2024-01-12,22,4,1,2024,True,True,Very High,19,41801.95,2200.1026315789472,2414.8675033514137,11,152238.2,13839.836363636365,1,1,-0.0074418825904186,0,0,0,2,Multiple Signals,1,0,1,2,55.0,Medium,4,No
UPI2026095765183910,2024-01-13 21:29:08,Vivaan Agarwal,vivaan.agarwal698@ybl,IndusInd Bank,Advaith Mehta,advaith.mehta34@okaxis,Bank of Baroda,44880.26,P2P,Peer Transfer,CRED,Android,Maharashtra,SUCCESS,,2024-01-13,21,5,1,2024,True,True,Very High,16,166002.22,10375.13875,17755.55139783982,4,45884.43,11471.1075,1,1,-0.0128286745233116,0,0,0,2,Multiple Signals,1,0,1,2,55.0,Medium,4,No
UPI2026095059502085,2024-01-13 22:22:05,Prisha Choudhury,prisha.choudhury339@okaxis,Axis Bank,Myra Singh,myra.singh804@ybl,Axis Bank,36404.01,P2P,Peer Transfer,Google Pay,iOS,Kerala,SUCCESS,,2024-01-13,22,5,1,2024,True,True,Very High,22,116188.68,5281.303636363636,10654.81199354704,13,111708.63,8592.97153846154,1,1,-0.0645978005878744,0,0,0,2,Multiple Signals,1,1,1,3,70.0,High,5,Yes
UPI2026093026612947,2024-01-14 07:52:03,Sneha Deshmukh,sneha.deshmukh405@ybl,Kotak Mahindra Bank,Amit Bhat,amit.bhat747@barodampay,Punjab National Bank,45536.45,P2P,Peer Transfer,PhonePe,Android,Kerala,SUCCESS,,2024-01-14,7,6,1,2024,True,True,Very High,21,93391.93,4447.234761904761,9757.89823949175,6,61903.77,10317.295,1,1,-0.0008970376136309,0,0,0,2,Multiple Signals,1,0,0,1,40.0,Medium,3,No
UPI2026091116732917,2024-01-14 14:24:19,Ramesh Nair,ramesh.nair935@okhdfcbank,HDFC Bank,Blinkit,blinkit@upi,Canara Bank,672.65,P2M,Groceries,Paytm,Android,Telangana,SUCCESS,,2024-01-14,14,6,1,2024,True,True,Medium,24,120235.42,5009.809166666667,10703.25044767686,25,30155.1,1206.204,0,1,-0.0550470809115122,0,0,0,1,Single Signal,1,0,1,2,40.0,Medium,3,No
UPI2026092227662866,2024-01-14 20:26:57,Shreya Menon,shreya.menon111@okaxis,Axis Bank,Kabir Verma,kabir.verma580@barodampay,ICICI Bank,26420.51,P2P,Peer Transfer,PhonePe,Android,Uttar Pradesh,SUCCESS,,2024-01-14,20,6,1,2024,True,True,Very High,25,85345.75,3413.83,5839.491259429912,5,28267.5,5653.499999999999,1,0,0.0181636059951945,0,0,0,1,Single Signal,0,1,1,2,40.0,Medium,3,No
UPI2026097985376239,2024-01-14 21:16:37,Aaryan Shah,aaryan.shah515@okhdfcbank,Punjab National Bank,Aditya Verma,aditya.verma576@ybl,ICICI Bank,12736.45,P2P,Peer Transfer,Google Pay,Android,Rajasthan,SUCCESS,,2024-01-14,21,6,1,2024,True,True,Very High,14,42589.12,3042.0800000000004,4630.063831836114,6,19458.3,3243.05,1,0,0.0481505426111508,0,0,0,1,Single Signal,0,1,1,2,40.0,Medium,3,No
UPI2026097050414449,2024-01-15 07:26:12,Chiara Kulkarni,chiara.kulkarni967@apl,Canara Bank,Amit Kulkarni,amit.kulkarni644@ibl,State Bank of India,519.09,P2P,Peer Transfer,BHIM,Android,Delhi NCR,SUCCESS,,2024-01-15,7,0,1,2024,True,True,Medium,22,96355.51,4379.795909090909,9248.716450474249,4,49915.08,12478.77,0,1,-0.0346372790676395,0,0,0,1,Single Signal,1,0,1,2,40.0,Medium,3,No
UPI2026093744581207,2024-01-15 19:14:16,Atharva Saxena,atharva.saxena432@okhdfcbank,ICICI Bank,Deepak Patel,deepak.patel364@apl,Kotak Mahindra Bank,48143.42,P2P,Peer Transfer,Paytm,Android,Telangana,SUCCESS,,2024-01-15,19,0,1,2024,True,True,Very High,27,89842.58,3327.502962962963,9113.936471648924,14,130141.34,9295.81,1,1,-0.0082225225645445,0,0,0,2,Multiple Signals,1,0,1,2,55.0,Medium,4,No
UPI2026094982884957,2024-01-15 22:46:40,Arjun Deshmukh,arjun.deshmukh892@okaxis,Bank of Baroda,Zepto,zepto@barodampay,Punjab National Bank,2120.49,P2M,Groceries,PhonePe,iOS,Karnataka,SUCCESS,,2024-01-15,22,0,1,2024,True,True,High,22,110206.34,5009.37909090909,9805.381798779548,28,43406.36,1550.2271428571428,0,1,-0.0164187822275114,0,0,0,1,Single Signal,1,0,1,2,40.0,Medium,3,No
UPI2026099814505869,2024-01-15 23:32:28,Aditya Nair,aditya.nair383@okhdfcbank,Punjab National Bank,Aaryan Pandey,aaryan.pandey431@barodampay,ICICI Bank,44214.09,P2P,Peer Transfer,Google Pay,iOS,Delhi NCR,SUCCESS,,2024-01-15,23,0,1,2024,True,True,Very High,19,102732.93,5406.996315789474,11553.77184612464,6,67875.2,11312.533333333333,1,1,-0.0207788023185437,0,0,0,2,Multiple Signals,1,0,1,2,55.0,Medium,4,No
UPI2026094139748745,2024-01-16 08:46:02,Aditya Nair,aditya.nair383@okhdfcbank,Punjab National Bank,BigBasket,bigbasket@ibl,Bank of Baroda,1622.37,P2M,Groceries,Paytm,iOS,Delhi NCR,FAILED,TRANSACTION_LIMIT_EXCEEDED,2024-01-16,8,1,1,2024,True,True,Medium,19,102732.93,5406.996315789474,11553.77184612464,23,32688.83,1421.2534782608695,0,1,-0.0436563363888983,0,0,0,1,Single Signal,1,0,1,2,40.0,Medium,3,No
UPI2026093981385225,2024-01-17 01:56:05,Krishna Singh,krishna.singh413@ibl,Punjab National Bank,Myra Singh,myra.singh822@oksbi,Union Bank of India,20983.77,P2P,Peer Transfer,Google Pay,Android,Rajasthan,SUCCESS,,2024-01-17,1,2,1,2024,True,True,Very High,18,77092.01,4282.889444444444,9894.480061587205,11,60844.4,5531.309090909091,1,1,-0.0877172380590856,0,0,0,2,Multiple Signals,1,1,1,3,70.0,High,5,Yes
UPI2026094467514661,2024-01-17 21:34:38,Prisha Choudhury,prisha.choudhury339@okaxis,Axis Bank,Apollo Pharmacy,apollophar@ibl,Kotak Mahindra Bank,2646.47,P2M,Healthcare,Google Pay,Android,Kerala,SUCCESS,,2024-01-17,21,2,1,2024,True,True,High,22,116188.68,5281.303636363636,10654.81199354704,21,55102.8,2623.942857142857,0,1,-0.0274965377841416,0,0,0,1,Single Signal,1,0,1,2,40.0,Medium,3,No
UPI2026092358464746,2024-01-18 05:18:55,Myra Chatterjee,myra.chatterjee919@okaxis,Bank of Baroda,Ananya Pandey,ananya.pandey239@oksbi,Axis Bank,8852.11,P2P,Peer Transfer,Google Pay,iOS,Telangana,SUCCESS,,2024-01-18,5,3,1,2024,True,True,Very High,20,47777.41,2388.8705,2468.7103068275505,15,151829.86,10121.990666666668,1,1,-0.0019831741075205,0,0,0,2,Multiple Signals,1,0,1,2,55.0,Medium,4,No
UPI2026096815835082,2024-01-19 02:41:06,Chiara Saxena,chiara.saxena654@barodampay,Axis Bank,Vihaan Mehta,vihaan.mehta909@barodampay,State Bank of India,7612.09,P2P,Peer Transfer,PhonePe,iOS,Gujarat,SUCCESS,,2024-01-19,2,4,1,2024,True,True,Very High,18,77469.84999999999,4303.880555555556,6177.081001959603,9,114161.04,12684.56,0,1,-0.036378311568663,0,0,0,1,Single Signal,1,0,1,2,40.0,Medium,3,No
UPI2026093671397327,2024-01-19 05:23:16,Meera Singh,meera.singh472@upi,Axis Bank,Deepak Chauhan,deepak.chauhan316@apl,HDFC Bank,19769.59,P2P,Peer Transfer,CRED,iOS,Kerala,SUCCESS,,2024-01-19,5,4,1,2024,True,True,Very High,21,176864.68,8422.127619047618,13197.263509726135,6,28384.0,4730.666666666667,1,0,0.0034072073216373,0,0,0,1,Single Signal,0,1,1,2,40.0,Medium,3,No
UPI2026097913174714,2024-01-19 06:30:06,Anvi Mehta,anvi.mehta154@oksbi,HDFC Bank,Myra Singh,myra.singh804@ybl,Axis Bank,693.42,P2P,Peer Transfer,PhonePe,iOS,Uttar Pradesh,SUCCESS,,2024-01-19,6,4,1,2024,True,True,Medium,18,36862.08,2047.8933333333327,2315.994552584267,13,111708.63,8592.97153846154,0,1,-0.0029861454369699,0,0,0,1,Single Signal,1,0,1,2,40.0,Medium,3,No
UPI2026097344879191,2024-01-20 01:58:20,Aarav Gupta,aarav.gupta900@okicici,IndusInd Bank,Myra Gupta,myra.gupta474@okhdfcbank,Kotak Mahindra Bank,641.23,P2P,Peer Transfer,Google Pay,Android,Gujarat,SUCCESS,,2024-01-20,1,5,1,2024,True,True,Medium,26,127369.27,4898.818076923077,10606.865237373397,11,129777.06,11797.914545454543,0,1,-0.0050436428954699,0,0,0,1,Single Signal,1,0,1,2,40.0,Medium,3,No
UPI2026096517742158,2024-01-20 04:13:06,Shreya Iyer,shreya.iyer176@paytm,IndusInd Bank,Amit Nair,amit.nair56@okaxis,Bank of Baroda,1525.94,P2P,Peer Transfer,PhonePe,Android,Uttar Pradesh,SUCCESS,,2024-01-20,4,5,1,2024,True,True,Medium,17,32501.64,1911.861176470588,2413.149569548276,14,73123.27,5223.090714285715,0,1,-0.0061773498607925,0,0,0,1,Single Signal,1,0,1,2,40.0,Medium,3,No
UPI2026098726538838,2024-01-21 09:21:27,Ritvik Das,ritvik.das428@ibl,IndusInd Bank,Ritvik Agarwal,ritvik.agarwal828@okaxis,IndusInd Bank,47023.88,P2P,Peer Transfer,Google Pay,Android,Maharashtra,SUCCESS,,2024-01-21,9,6,1,2024,True,True,Very High,14,69165.91,4940.422142857143,12210.219337153723,6,96836.95,16139.491666666669,1,1,-0.0121180088254856,0,0,0,2,Multiple Signals,1,0,1,2,55.0,Medium,4,No
UPI2026091302605741,2024-01-21 13:16:25,Aditya Kapoor,aditya.kapoor348@oksbi,Union Bank of India,Shreya Patel,shreya.patel250@ybl,Axis Bank,246.55,P2P,Peer Transfer,PhonePe,Android,Delhi NCR,SUCCESS,,2024-01-21,13,6,1,2024,True,True,Low,24,145591.85,6066.327083333334,12020.703259518366,12,89471.19,7455.9325,0,1,-0.0318551516037515,0,0,0,1,Single Signal,1,0,1,2,40.0,Medium,3,No
UPI2026096485148783,2024-01-21 21:35:20,Sunita Nair,sunita.nair338@ybl,HDFC Bank,Rohan Kulkarni,rohan.kulkarni649@ibl,Punjab National Bank,3020.78,P2P,Peer Transfer,PhonePe,iOS,Karnataka,SUCCESS,,2024-01-21,21,6,1,2024,True,True,High,24,107117.58,4463.2325,8228.594401728567,11,130164.73,11833.157272727274,0,1,-0.0373135293295472,0,0,0,1,Single Signal,1,0,1,2,40.0,Medium,3,No
UPI2026096187461757,2024-01-21 22:41:28,Reyansh Deshmukh,reyansh.deshmukh451@ibl,Bank of Baroda,Jio Recharge,jiorecharg@upi,Bank of Baroda,1158.34,P2M,Bills & Utilities,Google Pay,Android,Gujarat,PENDING,AWAITING_BANK_CONFIRMATION,2024-01-21,22,6,1,2024,True,True,Medium,17,86164.77,5068.515882352942,9954.839071088152,27,53501.87,1981.5507407407408,0,1,-0.0471406768834203,0,0,0,1,Single Signal,1,0,1,2,40.0,Medium,3,No
UPI2026098740686755,2024-01-21 23:47:06,Diya Gupta,diya.gupta518@apl,Punjab National Bank,Atharva Nair,atharva.nair24@upi,ICICI Bank,47125.61,P2P,Peer Transfer,Google Pay,Android,Rajasthan,SUCCESS,,2024-01-21,23,6,1,2024,True,True,Very High,25,133990.56,5359.6224,9894.853394522528,9,115331.91,12814.656666666668,1,1,-0.030082332566432,0,0,0,2,Multiple Signals,1,0,1,2,55.0,Medium,4,No
UPI2026092082103526,2024-01-22 05:38:54,Ishaan Kumar,ishaan.kumar563@ybl,ICICI Bank,Rahul Bhat,rahul.bhat828@okaxis,ICICI Bank,31319.92,P2P,Peer Transfer,Paytm,iOS,Karnataka,SUCCESS,,2024-01-22,5,0,1,2024,True,True,Very High,32,218609.16,6831.53625,11499.709856278632,7,46023.04,6574.72,1,1,-8.523323868248056e-05,0,0,0,2,Multiple Signals,1,0,1,2,55.0,Medium,4,No
UPI2026098286131081,2024-01-22 09:03:19,Myra Singh,myra.singh788@oksbi,Canara Bank,Anjali Banerjee,anjali.banerjee234@okicici,Union Bank of India,425.76,P2P,Peer Transfer,Google Pay,Android,Tamil Nadu,SUCCESS,,2024-01-22,9,0,1,2024,True,True,Low,21,123049.98,5859.522857142857,11896.107946527783,15,74873.44,4991.562666666667,0,1,-0.0461492072546602,0,0,0,1,Single Signal,1,1,1,3,55.0,Medium,4,No
UPI2026094779805199,2024-01-22 15:10:43,Kavya Mishra,kavya.mishra267@okhdfcbank,State Bank of India,Chiara Bhat,chiara.bhat777@okicici,Axis Bank,49389.02,P2P,Peer Transfer,PhonePe,Android,Gujarat,SUCCESS,,2024-01-22,15,0,1,2024,True,True,Very High,15,90982.66,6065.510666666666,12254.160864898364,8,80055.58,10006.9475,1,1,-0.0183334655774684,0,0,0,2,Multiple Signals,1,0,1,2,55.0,Medium,4,No
UPI2026091634527735,2024-01-22 18:07:09,Amit Mishra,amit.mishra548@paytm,Punjab National Bank,Aaryan Mehta,aaryan.mehta61@upi,Axis Bank,49501.83,P2P,Peer Transfer,PhonePe,Android,Tamil Nadu,SUCCESS,,2024-01-22,18,0,1,2024,True,True,Very High,15,89795.73,5986.382,12513.000318452348,7,82456.42,11779.488571428572,1,1,-9.541133893986586e-05,0,0,0,2,Multiple Signals,1,0,1,2,55.0,Medium,4,No
UPI2026098298331444,2024-01-22 20:31:38,Ritvik Das,ritvik.das428@ibl,IndusInd Bank,Airtel Prepaid/Postpaid,airtelprep@upi,Bank of Baroda,1132.9,P2M,Bills & Utilities,PhonePe,Android,Maharashtra,SUCCESS,,2024-01-22,20,0,1,2024,True,True,Medium,14,69165.91,4940.422142857143,12210.219337153723,26,48961.93,1883.1511538461536,0,1,-0.0120684199975301,0,0,0,1,Single Signal,1,1,1,3,55.0,Medium,4,No
UPI2026098196580685,2024-01-23 22:43:08,Arjun Das,arjun.das400@barodampay,Canara Bank,Amit Bhat,amit.bhat747@barodampay,Punjab National Bank,197.58,P2P,Peer Transfer,PhonePe,Android,Rajasthan,SUCCESS,,2024-01-23,22,1,1,2024,True,True,Low,17,56593.04,3329.0023529411765,5411.900395665705,6,61903.77,10317.295,0,1,-0.0203141555002394,0,0,0,1,Single Signal,1,0,1,2,40.0,Medium,3,No
UPI2026094852002754,2024-01-24 08:33:36,Anvi Bhat,anvi.bhat15@oksbi,HDFC Bank,Amit Kapoor,amit.kapoor137@ybl,Union Bank of India,20998.5,P2P,Peer Transfer,Paytm,iOS,Uttar Pradesh,SUCCESS,,2024-01-24,8,2,1,2024,True,True,Very High,28,111437.54,3979.912142857143,7044.489870532832,11,66018.83,6001.711818181819,1,1,-0.0171380093857722,0,0,0,2,Multiple Signals,1,1,0,2,55.0,Medium,4,No
UPI2026098242953559,2024-01-26 03:24:27,Ritvik Das,ritvik.das428@ibl,IndusInd Bank,Aanya Pillai,aanya.pillai436@paytm,ICICI Bank,138.54,P2P,Peer Transfer,Google Pay,Android,Maharashtra,SUCCESS,,2024-01-26,3,4,1,2024,True,True,Low,14,69165.91,4940.422142857143,12210.219337153723,3,36692.72,12230.906666666668,0,1,-0.0680096367530369,0,0,0,1,Single Signal,1,0,1,2,40.0,Medium,3,No
UPI2026095742475289,2024-01-26 16:06:26,Aadhya Sharma,aadhya.sharma409@ybl,Canara Bank,Ritvik Mishra,ritvik.mishra621@apl,Kotak Mahindra Bank,46875.05,P2P,Peer Transfer,PhonePe,Android,Uttar Pradesh,SUCCESS,,2024-01-26,16,4,1,2024,True,True,Very High,25,171696.02000000002,6867.840800000001,14058.01821902152,7,152070.07,21724.29571428572,1,1,-0.0904730282697343,0,0,0,2,Multiple Signals,1,1,1,3,70.0,High,5,Yes
UPI2026099315289973,2024-01-27 08:55:49,Rahul Singh,rahul.singh35@ybl,Axis Bank,Rahul Gupta,rahul.gupta556@okaxis,ICICI Bank,46127.32,P2P,Peer Transfer,PhonePe,Android,Delhi NCR,FAILED,INCORRECT_UPI_PIN,2024-01-27,8,5,1,2024,True,True,Very High,22,104279.1,4739.959090909091,9842.459309311687,6,148783.68,24797.28,1,1,-0.0040055862652312,0,0,0,2,Multiple Signals,1,0,0,1,40.0,Medium,3,No
UPI2026091583152392,2024-01-27 15:29:34,Kavya Pandey,kavya.pandey438@okicici,Axis Bank,Vihaan Singh,vihaan.singh433@ibl,Canara Bank,793.15,P2P,Peer Transfer,PhonePe,Android,Kerala,SUCCESS,,2024-01-27,15,5,1,2024,True,True,Medium,21,76792.01000000001,3656.7623809523816,9164.399494814108,5,60343.66,12068.732,0,1,-0.0035033593420238,0,0,0,1,Single Signal,1,0,1,2,40.0,Medium,3,No
UPI2026093442561079,2024-01-28 00:29:48,Pranav Malhotra,pranav.malhotra163@upi,IndusInd Bank,Aditya Banerjee,aditya.banerjee383@okaxis,Canara Bank,47887.35,P2P,Peer Transfer,Google Pay,Android,Rajasthan,SUCCESS,,2024-01-28,0,6,1,2024,True,True,Very High,19,100506.67,5289.824736842105,12077.334581394543,7,75840.19,10834.312857142855,1,1,-0.0535683853304259,0,0,0,2,Multiple Signals,1,1,1,3,70.0,High,5,Yes
UPI2026092719645768,2024-01-28 06:22:24,Shreya Menon,shreya.menon111@okaxis,Axis Bank,Sneha Chatterjee,sneha.chatterjee698@ybl,HDFC Bank,938.45,P2P,Peer Transfer,Google Pay,Android,Uttar Pradesh,SUCCESS,,2024-01-28,6,6,1,2024,True,True,Medium,25,85345.75,3413.83,5839.491259429912,13,94439.84,7264.603076923076,0,1,-0.0143340694715301,0,0,0,1,Single Signal,1,1,1,3,55.0,Medium,4,No
UPI2026093538378062,2024-01-28 10:46:51,Myra Singh,myra.singh788@oksbi,Canara Bank,Aaryan Mehta,aaryan.mehta61@upi,Axis Bank,20676.03,P2P,Peer Transfer,PhonePe,Android,Tamil Nadu,SUCCESS,,2024-01-28,10,6,1,2024,True,True,Very High,21,123049.98,5859.522857142857,11896.107946527783,7,82456.42,11779.488571428572,1,1,-0.1223088871934582,0,0,0,2,Multiple Signals,1,1,1,3,70.0,High,5,Yes
UPI2026092762549480,2024-01-28 22:07:02,Diya Agarwal,diya.agarwal161@barodampay,HDFC Bank,Rohan Agarwal,rohan.agarwal600@ybl,Axis Bank,49058.2,P2P,Peer Transfer,Paytm,Android,Uttar Pradesh,FAILED,TRANSACTION_LIMIT_EXCEEDED,2024-01-28,22,6,1,2024,True,True,Very High,13,80031.98,6156.306153846153,13141.501864658609,5,101699.61,20339.922,1,1,-0.0210881787938824,0,0,0,2,Multiple Signals,1,0,1,2,55.0,Medium,4,No
UPI2026095993040609,2024-01-29 02:40:44,Ayaan Kumar,ayaan.kumar652@okicici,Bank of Baroda,Myra Singh,myra.singh804@ybl,Axis Bank,931.47,P2P,Peer Transfer,PhonePe,iOS,Kerala,SUCCESS,,2024-01-29,2,0,1,2024,True,True,Medium,21,131037.56,6239.88380952381,14094.427496186738,13,111708.63,8592.97153846154,0,1,-0.0002202935423345,0,0,0,1,Single Signal,1,1,1,3,55.0,Medium,4,No
UPI2026098874706932,2024-01-29 10:42:46,Tanvi Verma,tanvi.verma920@paytm,Punjab National Bank,Dhruv Kumar,dhruv.kumar262@upi,Union Bank of India,39836.92,P2P,Peer Transfer,PhonePe,iOS,Kerala,SUCCESS,,2024-01-29,10,0,1,2024,True,True,Very High,18,75823.31,4212.406111111111,9263.771818867135,9,184945.18,20549.46444444444,1,1,-0.021637129210021,0,0,0,2,Multiple Signals,1,0,1,2,55.0,Medium,4,No
UPI2026091866351732,2024-01-29 16:49:30,Rahul Chauhan,rahul.chauhan687@okaxis,Bank of Baroda,Aaryan Mehta,aaryan.mehta61@upi,Axis Bank,5544.83,P2P,Peer Transfer,BHIM,iOS,Karnataka,SUCCESS,,2024-01-29,16,0,1,2024,True,True,Very High,16,62170.34,3885.64625,7615.107717009983,7,82456.42,11779.488571428572,0,1,-0.0083082392635105,0,0,0,1,Single Signal,1,0,1,2,40.0,Medium,3,No
UPI2026096565639951,2024-01-29 22:06:01,Isha Sharma,isha.sharma124@ibl,Kotak Mahindra Bank,Neha Chauhan,neha.chauhan448@barodampay,Bank of Baroda,6983.3,P2P,Peer Transfer,PhonePe,Android,Delhi NCR,SUCCESS,,2024-01-29,22,0,1,2024,True,True,Very High,22,158709.3,7214.059090909091,12134.250909590748,11,88597.89,8054.353636363637,0,1,-0.0287300152251174,0,0,0,1,Single Signal,1,1,1,3,55.0,Medium,4,No
UPI2026092201846052,2024-01-30 01:21:10,Pooja Mehta,pooja.mehta602@barodampay,HDFC Bank,Advaith Kulkarni,advaith.kulkarni74@apl,Kotak Mahindra Bank,2384.59,P2P,Peer Transfer,Paytm,Android,Kerala,PENDING,AWAITING_BANK_CONFIRMATION,2024-01-30,1,1,1,2024,True,True,High,28,138714.71,4954.096785714285,11142.503293840764,7,12905.06,1843.58,0,1,-0.0032197910271569,0,0,0,1,Single Signal,1,0,1,2,40.0,Medium,3,No
UPI2026092064888418,2024-01-30 12:50:21,Arjun Mishra,arjun.mishra810@ybl,Punjab National Bank,Swiggy,swiggy@ibl,ICICI Bank,568.78,P2M,Food & Dining,CRED,Android,Kerala,SUCCESS,,2024-01-30,12,1,1,2024,True,True,Medium,23,131234.44999999998,5705.845652173913,11891.0205034398,24,18887.08,786.9616666666666,0,1,-0.0411841267206898,0,0,0,1,Single Signal,1,0,1,2,40.0,Medium,3,No
UPI2026093173028996,2024-01-30 18:34:10,Priya Mehta,priya.mehta864@okhdfcbank,HDFC Bank,Ramesh Kapoor,ramesh.kapoor474@oksbi,Axis Bank,4958.75,P2P,Peer Transfer,Google Pay,Android,Uttar Pradesh,SUCCESS,,2024-01-30,18,1,1,2024,True,True,High,17,38217.16,2248.068235294118,2446.023349991357,6,78264.16,13044.026666666668,0,1,-0.0059387046168848,0,0,0,1,Single Signal,1,0,1,2,40.0,Medium,3,No
UPI2026096718390868,2024-02-01 00:42:32,Diya Gupta,diya.gupta518@apl,Punjab National Bank,Amazon Pay Merchant,amazonpaym@okicici,Union Bank of India,9367.39,P2M,Shopping,Paytm,Android,Rajasthan,SUCCESS,,2024-02-01,0,3,2,2024,True,True,Very High,25,133990.56,5359.6224,9894.853394522528,32,197283.93,6165.1228125,1,1,-0.0351492762382088,0,0,0,2,Multiple Signals,1,1,1,3,70.0,High,5,Yes
UPI2026091498600785,2024-02-01 22:18:52,Kavya Mishra,kavya.mishra267@okhdfcbank,State Bank of India,Cult.fit,cult.fit@barodampay,HDFC Bank,2246.68,P2M,Health & Fitness,PhonePe,Android,Gujarat,SUCCESS,,2024-02-01,22,3,2,2024,True,True,High,15,90982.66,6065.510666666666,12254.160864898364,18,43974.04,2443.0022222222224,0,1,-0.0017473058303094,0,0,0,1,Single Signal,1,1,1,3,55.0,Medium,4,No
UPI2026098681273274,2024-02-01 23:02:49,Diya Sharma,diya.sharma516@ibl,ICICI Bank,Pooja Nair,pooja.nair97@okaxis,State Bank of India,7450.1,P2P,Peer Transfer,Paytm,Android,West Bengal,SUCCESS,,2024-02-01,23,3,2,2024,True,True,Very High,24,131743.91999999998,5489.329999999999,11501.47194416134,9,86757.61,9639.734444444444,0,1,-0.0990350895857841,0,0,0,1,Single Signal,1,1,1,3,55.0,Medium,4,No
UPI2026099231502182,2024-02-02 00:11:07,Reyansh Malhotra,reyansh.malhotra208@ybl,Axis Bank,Advik Choudhury,advik.choudhury623@upi,ICICI Bank,782.56,P2P,Peer Transfer,CRED,Android,Telangana,SUCCESS,,2024-02-02,0,4,2,2024,True,True,Medium,28,108506.62,3875.236428571429,8313.302466608122,9,61186.630000000005,6798.514444444445,0,1,-0.0157524070162742,0,0,0,1,Single Signal,1,1,1,3,55.0,Medium,4,No
UPI2026094871560089,2024-02-02 05:00:07,Advik Malhotra,advik.malhotra950@apl,Punjab National Bank,Pooja Deshmukh,pooja.deshmukh566@paytm,Bank of Baroda,8030.41,P2P,Peer Transfer,Google Pay,iOS,Uttar Pradesh,SUCCESS,,2024-02-02,5,4,2,2024,True,True,Very High,18,78162.06999999999,4342.3372222222215,10837.57704615197,6,26686.19,4447.698333333334,0,1,-0.0499038146664144,0,0,0,1,Single Signal,1,1,1,3,55.0,Medium,4,No
UPI2026098594845207,2024-02-03 07:58:56,Pranav Rao,pranav.rao826@ybl,Punjab National Bank,Dhruv Kumar,dhruv.kumar262@upi,Union Bank of India,34369.45,P2P,Peer Transfer,PhonePe,Android,Uttar Pradesh,FAILED,NETWORK_TIMEOUT,2024-02-03,7,5,2,2024,True,True,Very High,19,107059.95,5634.734210526316,10479.767013416493,9,184945.18,20549.46444444444,1,1,-0.0814001299259012,0,0,0,2,Multiple Signals,1,1,1,3,70.0,High,5,Yes
UPI2026096567404236,2024-02-03 23:42:58,Advaith Mehta,advaith.mehta990@okicici,Canara Bank,Amit Rao,amit.rao80@upi,Punjab National Bank,9972.03,P2P,Peer Transfer,PhonePe,Android,Tamil Nadu,FAILED,INCORRECT_UPI_PIN,2024-02-03,23,5,2,2024,True,True,Very High,21,194601.94,9266.759047619047,15140.3660864171,9,72074.73999999999,8008.304444444443,1,1,-0.0752552336675298,0,0,0,2,Multiple Signals,1,0,1,2,55.0,Medium,4,No
UPI2026095690233579,2024-02-04 06:04:36,Prisha Choudhury,prisha.choudhury339@okaxis,Axis Bank,Vihaan Deshmukh,vihaan.deshmukh93@ybl,Canara Bank,39012.61,P2P,Peer Transfer,PhonePe,iOS,Kerala,SUCCESS,,2024-02-04,6,6,2,2024,True,True,Very High,22,116188.68,5281.303636363636,10654.81199354704,10,130707.15,13070.715,1,1,-0.0551724135593599,0,0,0,2,Multiple Signals,1,1,1,3,70.0,High,5,Yes
UPI2026096139475525,2024-02-04 16:41:44,Prisha Rao,prisha.rao696@upi,Bank of Baroda,Netflix India,netflixind@upi,Punjab National Bank,793.42,P2M,Entertainment,CRED,Android,Kerala,SUCCESS,,2024-02-04,16,6,2,2024,True,True,Medium,25,88392.99,3535.7196000000004,9698.238060232678,22,17151.67,779.6213636363635,0,1,-0.0529245555687448,0,0,0,1,Single Signal,1,0,1,2,40.0,Medium,3,No
UPI2026095563483717,2024-02-04 21:42:31,Vihaan Menon,vihaan.menon331@okhdfcbank,HDFC Bank,Zomato,zomato@ibl,ICICI Bank,42.13,P2M,Food & Dining,Paytm,Android,Kerala,SUCCESS,,2024-02-04,21,6,2,2024,True,True,Low,17,100788.15,5928.714705882354,13379.222383855647,21,16447.91,783.2338095238096,0,1,-0.0627028211476705,0,0,0,1,Single Signal,1,0,1,2,40.0,Medium,3,No
UPI2026097318463853,2024-02-05 01:53:13,Aditya Nair,aditya.nair383@okhdfcbank,Punjab National Bank,Jio Recharge,jiorecharg@barodampay,Union Bank of India,1073.35,P2M,Bills & Utilities,PhonePe,Android,Delhi NCR,SUCCESS,,2024-02-05,1,0,2,2024,True,True,Medium,19,102732.93,5406.996315789474,11553.77184612464,19,47803.16,2515.955789473684,0,1,-0.0185439295200001,0,0,0,1,Single Signal,1,0,1,2,40.0,Medium,3,No
UPI2026097370550396,2024-02-05 17:18:09,Meera Singh,meera.singh472@upi,Axis Bank,Rahul Gupta,rahul.gupta556@okaxis,ICICI Bank,38002.63,P2P,Peer Transfer,Paytm,iOS,Kerala,SUCCESS,,2024-02-05,17,0,2,2024,True,True,Very High,21,176864.68,8422.127619047618,13197.263509726135,6,148783.68,24797.28,1,1,-0.0899156179154813,0,0,0,2,Multiple Signals,1,1,1,3,70.0,High,5,Yes
UPI2026098628206155,2024-02-05 23:58:15,Pari Kumar,pari.kumar788@ibl,Union Bank of India,Amit Kapoor,amit.kapoor565@apl,Bank of Baroda,460.79,P2P,Peer Transfer,PhonePe,Android,Rajasthan,SUCCESS,,2024-02-05,23,0,2,2024,True,True,Low,19,16095.62,847.1378947368421,927.4920567469323,3,43997.98,14665.993333333332,0,1,-0.0479166375565187,0,0,0,1,Single Signal,1,0,1,2,40.0,Medium,3,No
UPI2026099852564571,2024-02-06 06:24:43,Pranav Malhotra,pranav.malhotra163@upi,IndusInd Bank,Tanvi Malhotra,tanvi.malhotra194@upi,Kotak Mahindra Bank,2969.52,P2P,Peer Transfer,Google Pay,Android,Rajasthan,SUCCESS,,2024-02-06,6,1,2,2024,True,True,High,19,100506.67,5289.824736842105,12077.334581394543,9,32539.96,3615.551111111111,0,1,-0.0294590023819958,0,0,0,1,Single Signal,1,0,1,2,40.0,Medium,3,No
UPI2026092121869776,2024-02-06 19:02:19,Diya Sharma,diya.sharma516@ibl,ICICI Bank,Rohan Sharma,rohan.sharma72@apl,Bank of Baroda,5451.08,P2P,Peer Transfer,Google Pay,Android,West Bengal,SUCCESS,,2024-02-06,19,1,2,2024,True,True,Very High,24,131743.91999999998,5489.329999999999,11501.47194416134,7,45671.17,6524.452857142857,0,1,-0.029688501884212,0,0,0,1,Single Signal,1,0,1,2,40.0,Medium,3,No
UPI2026098046451089,2024-02-06 23:56:58,Sunita Banerjee,sunita.banerjee630@barodampay,IndusInd Bank,Indian Oil Petrol Pump,indianoilp@upi,Canara Bank,1117.51,P2M,Fuel,Google Pay,Android,Delhi NCR,SUCCESS,,2024-02-06,23,1,2,2024,True,True,Medium,18,65921.39,3662.299444444445,11337.385875726,27,37902.41,1403.7929629629632,0,1,-0.0556007809879161,0,0,0,1,Single Signal,1,0,1,2,40.0,Medium,3,No
UPI2026094245122221,2024-02-08 12:28:04,Prisha Choudhury,prisha.choudhury339@okaxis,Axis Bank,Shaurya Joshi,shaurya.joshi945@apl,Kotak Mahindra Bank,5700.16,P2P,Peer Transfer,Google Pay,iOS,Kerala,SUCCESS,,2024-02-08,12,3,2,2024,True,True,Very High,22,116188.68,5281.303636363636,10654.81199354704,8,38451.53,4806.44125,0,1,-0.0699758499601467,0,0,0,1,Single Signal,1,1,1,3,55.0,Medium,4,No
UPI2026091951799860,2024-02-08 18:41:43,Aadhya Sharma,aadhya.sharma409@ybl,Canara Bank,Priya Rao,priya.rao792@paytm,Punjab National Bank,47655.87,P2P,Peer Transfer,PhonePe,Android,Uttar Pradesh,SUCCESS,,2024-02-08,18,3,2,2024,True,True,Very High,25,171696.02000000002,6867.840800000001,14058.01821902152,7,76026.94,10860.99142857143,1,1,-0.0883352003347486,0,0,0,2,Multiple Signals,1,1,1,3,70.0,High,5,Yes
UPI2026092255016153,2024-02-08 22:17:41,Aditya Kapoor,aditya.kapoor348@oksbi,Union Bank of India,Amit Malhotra,amit.malhotra720@ybl,HDFC Bank,58.2,P2P,Peer Transfer,BHIM,iOS,Delhi NCR,PENDING,AWAITING_BANK_CONFIRMATION,2024-02-08,22,3,2,2024,True,True,Low,24,145591.85,6066.327083333334,12020.703259518366,9,63354.01,7039.334444444444,0,1,-0.0326152201779369,0,0,0,1,Single Signal,1,1,1,3,55.0,Medium,4,No
UPI2026099884774108,2024-02-09 00:54:38,Prisha Gupta,prisha.gupta61@ybl,Bank of Baroda,Amit Singh,amit.singh430@ibl,Bank of Baroda,49216.12,P2P,Peer Transfer,Google Pay,Android,Telangana,SUCCESS,,2024-02-09,0,4,2,2024,True,True,Very High,18,73883.01000000001,4104.611666666668,11375.094211748055,8,75653.06,9456.6325,1,1,-0.0006361618959224,0,0,0,2,Multiple Signals,1,0,1,2,55.0,Medium,4,No
UPI2026094397756972,2024-02-09 01:18:38,Advaith Mehta,advaith.mehta990@okicici,Canara Bank,Cult.fit,cult.fit@okicici,State Bank of India,3397.83,P2M,Health & Fitness,Paytm,Android,Tamil Nadu,SUCCESS,,2024-02-09,1,4,2,2024,True,True,High,21,194601.94,9266.759047619047,15140.3660864171,23,52750.46,2293.498260869565,0,1,-0.0420123371363037,0,0,0,1,Single Signal,1,0,1,2,40.0,Medium,3,No
UPI2026093940124788,2024-02-09 02:11:35,Prisha Gupta,prisha.gupta61@ybl,Bank of Baroda,Advik Joshi,advik.joshi55@paytm,HDFC Bank,7004.5,P2P,Peer Transfer,PhonePe,iOS,Telangana,SUCCESS,,2024-02-09,2,4,2,2024,True,True,Very High,18,73883.01000000001,4104.611666666668,11375.094211748055,9,125334.39,13926.043333333331,0,1,-0.0675474565683996,0,0,0,1,Single Signal,1,1,1,3,55.0,Medium,4,No
UPI2026092686933217,2024-02-09 22:40:43,Arjun Kulkarni,arjun.kulkarni894@oksbi,IndusInd Bank,Dhruv Kumar,dhruv.kumar262@upi,Union Bank of India,9820.34,P2P,Peer Transfer,Google Pay,Android,Kerala,SUCCESS,,2024-02-09,22,4,2,2024,True,True,Very High,19,165702.23,8721.17,12696.81049241808,9,184945.18,20549.46444444444,1,1,-0.0279724268890999,0,0,0,2,Multiple Signals,1,1,1,3,70.0,High,5,Yes
UPI2026095549966649,2024-02-10 23:21:58,Sneha Deshmukh,sneha.deshmukh405@ybl,Kotak Mahindra Bank,Neha Gupta,neha.gupta684@oksbi,Kotak Mahindra Bank,3634.36,P2P,Peer Transfer,Amazon Pay,Android,Kerala,SUCCESS,,2024-02-10,23,5,2,2024,True,True,High,21,93391.93,4447.234761904761,9757.89823949175,11,39906.6,3627.872727272727,0,1,-0.0525603078592468,0,0,0,1,Single Signal,1,1,1,3,55.0,Medium,4,No
UPI2026091835593788,2024-02-11 04:26:32,Sunita Yadav,sunita.yadav47@apl,State Bank of India,Avani Kapoor,avani.kapoor631@paytm,Axis Bank,516.2,P2P,Peer Transfer,Amazon Pay,Android,Telangana,SUCCESS,,2024-02-11,4,6,2,2024,True,True,Medium,18,112566.64,6253.702222222222,12711.230055017148,10,26458.39,2645.839,0,1,-0.0300845478774492,0,0,0,1,Single Signal,1,0,1,2,40.0,Medium,3,No
UPI2026093744106794,2024-02-11 06:31:25,Kavya Mishra,kavya.mishra267@okhdfcbank,State Bank of India,Arjun Pillai,arjun.pillai804@apl,HDFC Bank,322.62,P2P,Peer Transfer,Paytm,iOS,Gujarat,SUCCESS,,2024-02-11,6,6,2,2024,True,True,Low,15,90982.66,6065.510666666666,12254.160864898364,8,14341.41,1792.67625,0,1,-0.0572851246476248,0,0,0,1,Single Signal,1,0,1,2,40.0,Medium,3,No
UPI2026092076027794,2024-02-11 06:44:59,Reyansh Malhotra,reyansh.malhotra208@ybl,Axis Bank,Indian Oil Petrol Pump,indianoilp@okhdfcbank,Kotak Mahindra Bank,332.05,P2M,Fuel,Google Pay,Android,Telangana,SUCCESS,,2024-02-11,6,6,2,2024,True,True,Low,28,108506.62,3875.236428571429,8313.302466608122,34,56766.71,1669.6091176470588,0,1,-0.0462024242979492,0,0,0,1,Single Signal,1,1,1,3,55.0,Medium,4,No
UPI2026092499595981,2024-02-11 13:28:10,Aadhya Sharma,aadhya.sharma409@ybl,Canara Bank,Amazon Pay Merchant,amazonpaym@apl,Axis Bank,3898.46,P2M,Shopping,PhonePe,iOS,Uttar Pradesh,SUCCESS,,2024-02-11,13,6,2,2024,True,True,High,25,171696.02000000002,6867.840800000001,14058.01821902152,19,71080.57,3741.082631578948,0,1,-0.0525533730430639,0,0,0,1,Single Signal,1,1,1,3,55.0,Medium,4,No
UPI2026098803189073,2024-02-11 16:36:30,Amit Bhat,amit.bhat747@barodampay,Punjab National Bank,Tanvi Deshmukh,tanvi.deshmukh810@apl,HDFC Bank,43093.37,P2P,Peer Transfer,Google Pay,iOS,Kerala,SUCCESS,,2024-02-11,16,6,2,2024,True,True,Very High,22,98953.09,4497.867727272727,9640.813503782429,9,133111.67,14790.185555555558,1,1,-0.0152576304989814,0,0,0,2,Multiple Signals,1,0,0,1,40.0,Medium,3,No
UPI2026097085045192,2024-02-12 05:49:44,Arjun Singh,arjun.singh618@okhdfcbank,Canara Bank,Prisha Sharma,prisha.sharma749@okicici,Bank of Baroda,521.76,P2P,Peer Transfer,PhonePe,Android,Kerala,SUCCESS,,2024-02-12,5,0,2,2024,True,True,Medium,15,60088.59,4005.906,8794.157622890323,10,106019.32,10601.932,0,1,-0.1251618825192514,0,0,0,1,Single Signal,1,1,1,3,55.0,Medium,4,No
UPI2026091187386604,2024-02-13 01:47:54,Aadhya Sharma,aadhya.sharma409@ybl,Canara Bank,Cult.fit,cult.fit@upi,Bank of Baroda,745.0,P2M,Health & Fitness,Google Pay,Android,Uttar Pradesh,SUCCESS,,2024-02-13,1,1,2,2024,True,True,Medium,25,171696.02000000002,6867.840800000001,14058.01821902152,24,64925.88,2705.245,0,1,-0.0500948057124688,0,0,0,1,Single Signal,1,1,1,3,55.0,Medium,4,No
UPI2026096866146362,2024-02-13 08:41:03,Meera Menon,meera.menon596@okhdfcbank,Kotak Mahindra Bank,Sneha Yadav,sneha.yadav307@ybl,ICICI Bank,15355.25,P2P,Peer Transfer,Google Pay,Android,Telangana,SUCCESS,,2024-02-13,8,1,2,2024,True,True,Very High,18,48126.12,2673.6733333333336,3885.2257550442064,3,43333.36,14444.453333333331,1,0,0.0181105116843941,0,0,0,1,Single Signal,0,1,1,2,40.0,Medium,3,No
UPI2026092933692925,2024-02-13 11:35:16,Diya Sharma,diya.sharma516@ibl,ICICI Bank,Aditya Menon,aditya.menon480@upi,State Bank of India,4019.4,P2P,Peer Transfer,Google Pay,Android,West Bengal,SUCCESS,,2024-02-13,11,1,2,2024,True,True,High,24,131743.91999999998,5489.329999999999,11501.47194416134,9,61132.37,6792.485555555556,0,1,-0.0191526461940362,0,0,0,1,Single Signal,1,1,0,2,40.0,Medium,3,No
UPI2026091143753342,2024-02-14 01:27:12,Rahul Singh,rahul.singh35@ybl,Axis Bank,Advaith Mehta,advaith.mehta34@okaxis,Bank of Baroda,494.37,P2P,Peer Transfer,PhonePe,Android,Delhi NCR,SUCCESS,,2024-02-14,1,2,2,2024,True,True,Low,22,104279.1,4739.959090909091,9842.459309311687,4,45884.43,11471.1075,0,1,-0.0558865216488644,0,0,0,1,Single Signal,1,1,1,3,55.0,Medium,4,No
UPI2026097396672521,2024-02-14 19:42:27,Anjali Yadav,anjali.yadav865@upi,HDFC Bank,Aadhya Joshi,aadhya.joshi957@upi,Axis Bank,71.8,P2P,Peer Transfer,PhonePe,iOS,Telangana,SUCCESS,,2024-02-14,19,2,2,2024,True,True,Low,18,92995.28,5166.404444444444,8867.812836422201,8,47684.82,5960.6025,0,1,-0.0324775203352672,0,0,0,1,Single Signal,1,0,1,2,40.0,Medium,3,No
UPI2026091527745180,2024-02-14 20:11:38,Atharva Menon,atharva.menon544@ybl,IndusInd Bank,Atharva Nair,atharva.nair24@upi,ICICI Bank,20082.6,P2P,Peer Transfer,CRED,Android,Rajasthan,SUCCESS,,2024-02-14,20,2,2,2024,True,True,Very High,26,120896.54,4649.866923076923,8589.89238991538,9,115331.91,12814.656666666668,1,1,-0.0229738798806371,0,0,0,2,Multiple Signals,1,0,1,2,55.0,Medium,4,No
UPI2026099016079635,2024-02-15 01:30:14,Aadhya Sharma,aadhya.sharma409@ybl,Canara Bank,BigBasket,bigbasket@okicici,Canara Bank,1607.38,P2M,Groceries,Google Pay,Android,Uttar Pradesh,SUCCESS,,2024-02-15,1,3,2,2024,True,True,Medium,25,171696.02000000002,6867.840800000001,14058.01821902152,22,30647.12,1393.050909090909,0,1,-0.0342806154475898,0,0,0,1,Single Signal,1,1,1,3,55.0,Medium,4,No
UPI2026096832698180,2024-02-15 23:51:34,Arjun Mishra,arjun.mishra810@ybl,Punjab National Bank,Anjali Yadav,anjali.yadav865@upi,HDFC Bank,17248.12,P2P,Peer Transfer,PhonePe,Android,Kerala,SUCCESS,,2024-02-15,23,3,2,2024,True,True,Very High,23,131234.44999999998,5705.845652173913,11891.0205034398,5,41172.74,8234.547999999999,1,1,-0.1008563664710557,0,0,0,2,Multiple Signals,1,1,1,3,70.0,High,5,Yes
UPI2026099346076006,2024-02-17 02:31:37,Reyansh Malhotra,reyansh.malhotra208@ybl,Axis Bank,Rapido,rapido@okicici,Union Bank of India,615.93,P2M,Transportation,PhonePe,Android,Telangana,SUCCESS,,2024-02-17,2,5,2,2024,True,True,Medium,28,108506.62,3875.236428571429,8313.302466608122,24,9567.3,398.6375,0,1,-0.0113227024456482,0,0,0,1,Single Signal,1,0,1,2,40.0,Medium,3,No
UPI2026095327203170,2024-02-17 03:43:49,Ishaan Malhotra,ishaan.malhotra457@oksbi,Axis Bank,Dhruv Kumar,dhruv.kumar262@upi,Union Bank of India,4575.33,P2P,Peer Transfer,Google Pay,Android,West Bengal,SUCCESS,,2024-02-17,3,5,2,2024,True,True,High,15,34240.04,2282.6693333333333,3082.5249050169123,9,184945.18,20549.46444444444,0,1,-0.0414535747423823,0,0,0,1,Single Signal,1,1,1,3,55.0,Medium,4,No
UPI2026096053441050,2024-02-18 01:12:26,Aanya Kulkarni,aanya.kulkarni85@apl,Canara Bank,Arjun Das,arjun.das400@barodampay,Canara Bank,46353.24,P2P,Peer Transfer,Paytm,iOS,Rajasthan,SUCCESS,,2024-02-18,1,6,2,2024,True,True,Very High,25,137198.87,5487.9548,9541.50222983612,10,92973.46,9297.346,1,1,-0.0318130050601601,1,0,1,3,All Methods,1,0,1,2,70.0,High,5,Yes
UPI2026093667715615,2024-02-18 01:41:13,Tanvi Kumar,tanvi.kumar788@oksbi,ICICI Bank,Saanvi Kapoor,saanvi.kapoor579@ibl,State Bank of India,42107.01,P2P,Peer Transfer,BHIM,Android,West Bengal,SUCCESS,,2024-02-18,1,6,2,2024,True,True,Very High,18,111630.55,6201.697222222222,11092.613821890567,7,81314.38,11616.34,1,1,-0.003780575332724,1,0,1,3,All Methods,1,0,1,2,70.0,High,5,Yes
UPI2026096218474806,2024-02-18 10:12:44,Kabir Pillai,kabir.pillai790@ybl,Punjab National Bank,Flipkart,flipkart@oksbi,Union Bank of India,9953.94,P2M,Shopping,Google Pay,Android,Telangana,SUCCESS,,2024-02-18,10,6,2,2024,True,True,Very High,20,101813.91,5090.6955,10098.85624402949,29,121043.42,4173.911034482759,1,0,0.0795369460767521,1,0,1,2,Multiple Signals,0,1,0,1,40.0,Medium,3,No
UPI2026093462667404,2024-02-18 11:23:20,Sunita Choudhury,sunita.choudhury84@okhdfcbank,Canara Bank,Aditya Chauhan,aditya.chauhan383@okicici,State Bank of India,40845.03,P2P,Peer Transfer,Google Pay,iOS,Kerala,SUCCESS,,2024-02-18,11,6,2,2024,True,True,Very High,18,95338.63,5296.590555555556,9991.100051332434,3,41948.21,13982.736666666666,1,0,0.0029244134471034,1,0,1,2,Multiple Signals,0,0,0,0,30.0,Medium,2,No
UPI2026099441673525,2024-02-18 18:01:41,Advaith Mehta,advaith.mehta990@okicici,Canara Bank,Aditya Mehta,aditya.mehta496@barodampay,State Bank of India,46463.85,P2P,Peer Transfer,Amazon Pay,Android,Tamil Nadu,SUCCESS,,2024-02-18,18,6,2,2024,True,True,Very High,21,194601.94,9266.759047619047,15140.3660864171,12,64967.54,5413.961666666667,1,1,-0.1038813721998547,1,0,1,3,All Methods,1,1,1,3,85.0,Critical,6,Yes
UPI2026091037514853,2024-02-19 13:01:32,Anjali Bhat,anjali.bhat144@barodampay,Bank of Baroda,Sai Patel,sai.patel326@paytm,Canara Bank,16612.11,P2P,Peer Transfer,Paytm,Android,Tamil Nadu,SUCCESS,,2024-02-19,13,0,2,2024,True,True,Very High,28,135266.91999999998,4830.961428571428,8614.206443774623,11,85050.69,7731.880909090909,1,1,-0.0392652423210483,0,0,0,2,Multiple Signals,1,1,1,3,70.0,High,5,Yes
UPI2026099180262511,2024-02-19 18:28:19,Diya Sharma,diya.sharma516@ibl,ICICI Bank,Rohan Agarwal,rohan.agarwal600@ybl,Axis Bank,180.86,P2P,Peer Transfer,Google Pay,Android,West Bengal,SUCCESS,,2024-02-19,18,0,2,2024,True,True,Low,24,131743.91999999998,5489.329999999999,11501.47194416134,5,101699.61,20339.922,0,1,-0.0327584255402787,0,0,0,1,Single Signal,1,1,1,3,55.0,Medium,4,No
UPI2026096690342245,2024-02-20 10:47:28,Anvi Bhat,anvi.bhat15@oksbi,HDFC Bank,Tanvi Deshmukh,tanvi.deshmukh810@apl,HDFC Bank,17041.44,P2P,Peer Transfer,PhonePe,Android,Uttar Pradesh,SUCCESS,,2024-02-20,10,1,2,2024,True,True,Very High,28,111437.54,3979.912142857143,7044.489870532832,9,133111.67,14790.185555555558,1,1,-0.0327519001802096,0,0,0,2,Multiple Signals,1,1,1,3,70.0,High,5,Yes
UPI2026093729897436,2024-02-22 18:57:47,Suresh Agarwal,suresh.agarwal150@okhdfcbank,Union Bank of India,Aditya Kapoor,aditya.kapoor348@oksbi,Union Bank of India,24383.28,P2P,Peer Transfer,PhonePe,Android,Tamil Nadu,SUCCESS,,2024-02-22,18,3,2,2024,True,True,Very High,21,141186.44999999998,6723.164285714285,13450.043232695783,7,45998.0,6571.142857142857,1,1,-0.0243606055212737,0,0,0,2,Multiple Signals,1,1,1,3,70.0,High,5,Yes
UPI2026092994766804,2024-02-24 01:05:18,Anjali Mishra,anjali.mishra486@paytm,IndusInd Bank,Aditya Chauhan,aditya.chauhan383@okicici,State Bank of India,218.73,P2P,Peer Transfer,PhonePe,Android,Uttar Pradesh,SUCCESS,,2024-02-24,1,5,2,2024,True,True,Low,28,120551.91,4305.425357142857,6561.695421815175,3,41948.21,13982.736666666666,0,1,-0.0069866539871538,0,0,0,1,Single Signal,1,0,1,2,40.0,Medium,3,No
UPI2026095027768810,2024-02-24 18:24:57,Vivaan Agarwal,vivaan.agarwal698@ybl,IndusInd Bank,Ritvik Kulkarni,ritvik.kulkarni989@ybl,Canara Bank,49324.6,P2P,Peer Transfer,Google Pay,Android,Maharashtra,SUCCESS,,2024-02-24,18,5,2,2024,True,True,Very High,16,166002.22,10375.13875,17755.55139783982,13,91645.39,7049.6453846153845,1,1,-0.125762743098466,0,0,0,2,Multiple Signals,1,1,1,3,70.0,High,5,Yes
UPI2026099544023886,2024-02-25 02:02:39,Riya Nair,riya.nair43@okaxis,Kotak Mahindra Bank,Krishna Verma,krishna.verma370@upi,Punjab National Bank,19041.45,P2P,Peer Transfer,PhonePe,Android,Uttar Pradesh,SUCCESS,,2024-02-25,2,6,2,2024,True,True,Very High,19,77776.1,4093.478947368421,5082.886498571997,10,193165.06,19316.506,1,1,-0.0333379640046014,0,0,0,2,Multiple Signals,1,1,1,3,70.0,High,5,Yes
UPI2026091431466728,2024-02-25 05:38:06,Sai Kapoor,sai.kapoor248@oksbi,Bank of Baroda,Krishna Verma,krishna.verma370@upi,Punjab National Bank,534.32,P2P,Peer Transfer,PhonePe,Android,Uttar Pradesh,FAILED,INSUFFICIENT_FUNDS,2024-02-25,5,6,2,2024,True,True,Medium,19,29224.72,1538.143157894737,1438.884866384971,10,193165.06,19316.506,0,1,-0.008885033602118,0,0,0,1,Single Signal,1,1,1,3,55.0,Medium,4,No
UPI2026093180077175,2024-02-25 16:50:35,Aadhya Sharma,aadhya.sharma409@ybl,Canara Bank,Sneha Deshmukh,sneha.deshmukh405@ybl,Kotak Mahindra Bank,103.33,P2P,Peer Transfer,PhonePe,iOS,Uttar Pradesh,SUCCESS,,2024-02-25,16,6,2,2024,True,True,Low,25,171696.02000000002,6867.840800000001,14058.01821902152,7,10335.62,1476.517142857143,0,1,-0.0411291539786012,0,0,0,1,Single Signal,1,1,1,3,55.0,Medium,4,No
UPI2026096107810724,2024-02-26 16:43:47,Pooja Yadav,pooja.yadav163@okicici,Punjab National Bank,Anjali Verma,anjali.verma896@ibl,Kotak Mahindra Bank,402.88,P2P,Peer Transfer,PhonePe,Android,Rajasthan,SUCCESS,,2024-02-26,16,0,2,2024,True,True,Low,19,42826.45,2254.023684210526,2985.990976897528,7,65848.44,9406.92,0,1,-0.004132175809718,0,0,0,1,Single Signal,1,0,1,2,40.0,Medium,3,No
UPI2026095786337544,2024-02-26 18:47:51,Advaith Mehta,advaith.mehta990@okicici,Canara Bank,Zomato,zomato@oksbi,State Bank of India,1110.66,P2M,Food & Dining,Google Pay,Android,Tamil Nadu,SUCCESS,,2024-02-26,18,0,2,2024,True,True,Medium,21,194601.94,9266.759047619047,15140.3660864171,20,14274.03,713.7015,0,1,-0.0501147395898454,0,0,0,1,Single Signal,1,0,1,2,40.0,Medium,3,No
UPI2026097139225080,2024-02-27 23:09:37,Vihaan Menon,vihaan.menon331@okhdfcbank,HDFC Bank,Blinkit,blinkit@paytm,HDFC Bank,841.11,P2M,Groceries,Paytm,Android,Kerala,SUCCESS,,2024-02-27,23,1,2,2024,True,True,Medium,17,100788.15,5928.714705882354,13379.222383855647,28,35488.270000000004,1267.4382142857144,0,1,-0.0482717722330606,0,0,0,1,Single Signal,1,0,1,2,40.0,Medium,3,No
UPI2026099316431723,2024-02-28 18:42:09,Ananya Banerjee,ananya.banerjee920@paytm,Canara Bank,Ritvik Mishra,ritvik.mishra621@apl,Kotak Mahindra Bank,46589.61,P2P,Peer Transfer,Paytm,iOS,Gujarat,SUCCESS,,2024-02-28,18,2,2,2024,True,True,Very High,19,91899.44,4836.812631578948,11214.674685425856,7,152070.07,21724.29571428572,1,1,-0.0862399430472238,0,0,0,2,Multiple Signals,1,1,1,3,70.0,High,5,Yes
UPI2026096871975845,2024-02-29 00:01:58,Advik Malhotra,advik.malhotra950@apl,Punjab National Bank,Ayaan Sharma,ayaan.sharma763@okicici,Canara Bank,360.1,P2P,Peer Transfer,BHIM,Android,Uttar Pradesh,SUCCESS,,2024-02-29,0,3,2,2024,True,True,Low,18,78162.06999999999,4342.3372222222215,10837.57704615197,10,62877.22,6287.722,0,1,-0.034414731528705,0,0,0,1,Single Signal,1,0,1,2,40.0,Medium,3,No
UPI2026091516743556,2024-02-29 13:55:03,Myra Singh,myra.singh788@oksbi,Canara Bank,Pooja Nair,pooja.nair97@okaxis,State Bank of India,425.01,P2P,Peer Transfer,PhonePe,Android,Tamil Nadu,SUCCESS,,2024-02-29,13,3,2,2024,True,True,Low,21,123049.98,5859.522857142857,11896.107946527783,9,86757.61,9639.734444444444,0,1,-0.05572751155109,0,0,0,1,Single Signal,1,1,1,3,55.0,Medium,4,No
UPI2026093601032625,2024-03-01 13:24:06,Prisha Choudhury,prisha.choudhury555@ibl,Union Bank of India,Sneha Nair,sneha.nair85@paytm,Union Bank of India,6136.18,P2P,Peer Transfer,WhatsApp Pay,Android,Telangana,SUCCESS,,2024-03-01,13,4,3,2024,True,True,Very High,16,50080.93,3130.058125,3821.3442933331175,9,105568.37,11729.818888888887,0,1,-0.0027832453284876,0,0,0,1,Single Signal,1,0,1,2,40.0,Medium,3,No
UPI2026095107334357,2024-03-02 21:32:35,Advaith Mehta,advaith.mehta990@okicici,Canara Bank,Decathlon,decathlon@ibl,Canara Bank,5285.18,P2M,Shopping,BHIM,Android,Tamil Nadu,SUCCESS,,2024-03-02,21,5,3,2024,True,True,Very High,21,194601.94,9266.759047619047,15140.3660864171,16,61525.55,3845.346875,0,1,-0.0416715475762879,0,0,0,1,Single Signal,1,1,0,2,40.0,Medium,3,No
UPI2026096404624619,2024-03-02 21:48:09,Sunita Yadav,sunita.yadav47@apl,State Bank of India,Ritvik Chatterjee,ritvik.chatterjee137@apl,Kotak Mahindra Bank,197.87,P2P,Peer Transfer,Paytm,Android,Telangana,SUCCESS,,2024-03-02,21,5,3,2024,True,True,Low,18,112566.64,6253.702222222222,12711.230055017148,10,97175.25,9717.525,0,1,-0.0194650255235777,0,0,0,1,Single Signal,1,1,0,2,40.0,Medium,3,No
UPI2026093775055328,2024-03-02 23:43:39,Advaith Mehta,advaith.mehta990@okicici,Canara Bank,Flipkart,flipkart@okhdfcbank,Union Bank of India,252.72,P2M,Shopping,Google Pay,Android,Tamil Nadu,SUCCESS,,2024-03-02,23,5,3,2024,True,True,Low,21,194601.94,9266.759047619047,15140.3660864171,22,110033.24,5001.510909090909,0,1,-0.0478153141117735,0,0,0,1,Single Signal,1,1,0,2,40.0,Medium,3,No
UPI2026094683565426,2024-03-03 06:52:13,Ramesh Nair,ramesh.nair935@okhdfcbank,HDFC Bank,Chiara Saxena,chiara.saxena654@barodampay,Axis Bank,35353.12,P2P,Peer Transfer,Paytm,Android,Telangana,SUCCESS,,2024-03-03,6,6,3,2024,True,True,Very High,24,120235.42,5009.809166666667,10703.25044767686,9,103487.01,11498.556666666667,1,1,-0.0122159085706271,0,0,0,2,Multiple Signals,1,1,1,3,70.0,High,5,Yes
UPI2026096943415133,2024-03-03 09:06:51,Isha Sharma,isha.sharma124@ibl,Kotak Mahindra Bank,Aditya Banerjee,aditya.banerjee362@oksbi,Union Bank of India,39925.2,P2P,Peer Transfer,CRED,Android,Delhi NCR,PENDING,AWAITING_BANK_CONFIRMATION,2024-03-03,9,6,3,2024,True,True,Very High,22,158709.3,7214.059090909091,12134.250909590748,8,120824.96,15103.12,1,1,-0.0465301877015558,0,0,0,2,Multiple Signals,1,0,1,2,55.0,Medium,4,No
UPI2026092293280810,2024-03-03 21:11:15,Isha Menon,isha.menon450@okicici,ICICI Bank,Myra Gupta,myra.gupta474@okhdfcbank,Kotak Mahindra Bank,27724.47,P2P,Peer Transfer,CRED,iOS,Gujarat,SUCCESS,,2024-03-03,21,6,3,2024,True,True,Very High,19,97559.7,5134.7210526315785,8532.760570737477,11,129777.06,11797.914545454543,1,0,0.0030973960992727,0,0,0,1,Single Signal,0,1,1,2,40.0,Medium,3,No
UPI2026094422048585,2024-03-04 06:39:46,Vihaan Sharma,vihaan.sharma219@ybl,Axis Bank,Ritvik Mishra,ritvik.mishra621@apl,Kotak Mahindra Bank,471.76,P2P,Peer Transfer,Google Pay,Android,Tamil Nadu,SUCCESS,,2024-03-04,6,0,3,2024,True,True,Low,22,46467.1,2112.140909090909,4973.869852545026,7,152070.07,21724.29571428572,0,1,-0.0429719890687381,0,0,0,1,Single Signal,1,1,1,3,55.0,Medium,4,No
UPI2026095481161557,2024-03-04 11:06:28,Reyansh Malhotra,reyansh.malhotra208@ybl,Axis Bank,Vihaan Chauhan,vihaan.chauhan989@upi,Union Bank of India,301.32,P2P,Peer Transfer,PhonePe,Android,Telangana,SUCCESS,,2024-03-04,11,0,3,2024,True,True,Low,28,108506.62,3875.236428571429,8313.302466608122,7,101271.0,14467.285714285714,0,1,-0.0231237908822303,0,0,0,1,Single Signal,1,1,1,3,55.0,Medium,4,No
UPI2026099845676228,2024-03-04 22:09:07,Navya Deshmukh,navya.deshmukh746@okaxis,Punjab National Bank,Atharva Nair,atharva.nair24@upi,ICICI Bank,2531.66,P2P,Peer Transfer,BHIM,Android,Gujarat,SUCCESS,,2024-03-04,22,0,3,2024,True,True,High,18,39540.67,2196.7038888888887,2414.6911525374853,9,115331.91,12814.656666666668,0,1,-0.0008438069533155,0,0,0,1,Single Signal,1,0,1,2,40.0,Medium,3,No
UPI2026091261001960,2024-03-05 00:38:56,Arjun Mehta,arjun.mehta807@ibl,Punjab National Bank,Sneha Agarwal,sneha.agarwal256@apl,Canara Bank,45579.34,P2P,Peer Transfer,PhonePe,Android,Gujarat,SUCCESS,,2024-03-05,0,1,3,2024,True,True,Very High,18,114560.77,6364.487222222222,11762.21017966827,8,62715.13999999999,7839.392499999999,1,0,0.0082755713485119,0,1,1,2,Multiple Signals,0,0,0,0,30.0,Medium,2,No
UPI2026099500625563,2024-03-05 03:16:21,Amit Kapoor,amit.kapoor565@apl,Bank of Baroda,Prisha Choudhury,prisha.choudhury555@ibl,Union Bank of India,44614.03,P2P,Peer Transfer,Google Pay,Android,Maharashtra,SUCCESS,,2024-03-05,3,1,3,2024,True,True,Very High,20,95392.17,4769.6085,9747.895296050365,10,62168.22,6216.822,1,0,0.0286358824117634,0,1,1,2,Multiple Signals,0,0,0,0,30.0,Medium,2,No
UPI2026093380812866,2024-03-05 07:06:50,Reyansh Deshmukh,reyansh.deshmukh451@ibl,Bank of Baroda,Krishna Pandey,krishna.pandey306@okaxis,IndusInd Bank,9674.72,P2P,Peer Transfer,BHIM,Android,Gujarat,SUCCESS,,2024-03-05,7,1,3,2024,True,True,Very High,17,86164.77,5068.515882352942,9954.839071088152,13,44572.08,3428.6215384615384,1,0,0.05043113707894,0,1,1,2,Multiple Signals,0,0,0,0,30.0,Medium,2,No
UPI2026096520587804,2024-03-05 07:37:23,Advaith Mehta,advaith.mehta990@okicici,Canara Bank,Aditya Agarwal,aditya.agarwal672@okaxis,Kotak Mahindra Bank,40874.33,P2P,Peer Transfer,PhonePe,iOS,Tamil Nadu,SUCCESS,,2024-03-05,7,1,3,2024,True,True,Very High,21,194601.94,9266.759047619047,15140.3660864171,6,92286.28,15381.046666666669,1,1,-0.0755978441774513,0,1,1,3,All Methods,1,1,1,3,85.0,Critical,6,Yes
UPI2026093979507921,2024-03-05 11:26:56,Advik Joshi,advik.joshi55@paytm,HDFC Bank,Atharva Bhat,atharva.bhat886@paytm,Bank of Baroda,9802.19,P2P,Peer Transfer,Google Pay,Android,Rajasthan,SUCCESS,,2024-03-05,11,1,3,2024,True,True,Very High,22,123848.63,5629.483181818182,9257.059759624586,14,32553.59,2325.2564285714284,1,0,0.1257361631551709,0,1,1,2,Multiple Signals,0,0,0,0,30.0,Medium,2,No
UPI2026097205851746,2024-03-05 18:53:42,Myra Pillai,myra.pillai990@upi,Canara Bank,Decathlon,decathlon@paytm,State Bank of India,9096.68,P2M,Shopping,BHIM,Android,Tamil Nadu,SUCCESS,,2024-03-05,18,1,3,2024,True,True,Very High,26,95237.84,3662.993846153846,4935.082667032906,20,104053.18,5202.659,1,0,0.1016830584094551,0,1,1,2,Multiple Signals,0,0,0,0,30.0,Medium,2,No
UPI2026095259284787,2024-03-05 19:37:40,Vivaan Patel,vivaan.patel311@okaxis,Bank of Baroda,Chiara Bhat,chiara.bhat777@okicici,Axis Bank,20258.8,P2P,Peer Transfer,CRED,iOS,Delhi NCR,SUCCESS,,2024-03-05,19,1,3,2024,True,True,Very High,24,76809.68,3200.403333333333,5078.591510133208,8,80055.58,10006.9475,1,1,-0.0301428913411987,0,1,1,3,All Methods,1,0,1,2,70.0,High,5,Yes
UPI2026092695779854,2024-03-05 21:51:08,Atharva Bhat,atharva.bhat886@paytm,Bank of Baroda,Rahul Singh,rahul.singh35@ybl,Axis Bank,575.71,P2P,Peer Transfer,Paytm,Android,Rajasthan,FAILED,INCORRECT_UPI_PIN,2024-03-05,21,1,3,2024,True,True,Medium,26,123232.6,4739.715384615385,8726.257961719552,8,52848.93,6606.11625,0,1,-0.0085539382647154,0,1,1,2,Multiple Signals,1,0,1,2,55.0,Medium,4,No
UPI2026093243061347,2024-03-06 17:56:13,Kavya Mishra,kavya.mishra267@okhdfcbank,State Bank of India,Amazon Pay Merchant,amazonpaym@upi,Union Bank of India,3936.01,P2M,Shopping,CRED,Android,Gujarat,SUCCESS,,2024-03-06,17,2,3,2024,True,True,High,15,90982.66,6065.510666666666,12254.160864898364,25,132121.37,5284.8548,0,1,-0.05180377305526,0,0,0,1,Single Signal,1,1,1,3,55.0,Medium,4,No
UPI2026095212422287,2024-03-06 19:57:38,Meera Iyer,meera.iyer529@upi,Union Bank of India,Rahul Gupta,rahul.gupta556@okaxis,ICICI Bank,46623.51,P2P,Peer Transfer,Google Pay,iOS,West Bengal,SUCCESS,,2024-03-06,19,2,3,2024,True,True,Very High,17,86298.49,5076.381764705882,11496.325547645232,6,148783.68,24797.28,1,1,-0.08355517809116,0,0,0,2,Multiple Signals,1,1,1,3,70.0,High,5,Yes
UPI2026092155297090,2024-03-07 00:38:06,Priya Kapoor,priya.kapoor714@okhdfcbank,IndusInd Bank,Diya Agarwal,diya.agarwal182@oksbi,Union Bank of India,16523.57,P2P,Peer Transfer,PhonePe,iOS,West Bengal,SUCCESS,,2024-03-07,0,3,3,2024,True,True,Very High,22,92598.2,4209.009090909091,9683.160534398,9,75513.75,8390.416666666666,1,0,0.0466654890712614,0,1,1,2,Multiple Signals,0,1,0,1,40.0,Medium,3,No
UPI2026096060784316,2024-03-07 03:10:49,Sneha Chatterjee,sneha.chatterjee928@okicici,Canara Bank,Decathlon,decathlon@paytm,HDFC Bank,8503.05,P2M,Shopping,Google Pay,iOS,West Bengal,SUCCESS,,2024-03-07,3,3,3,2024,True,True,Very High,19,27557.07,1450.372105263158,1912.1069380008207,20,104053.18,5202.659,1,0,0.0947881146638916,0,1,1,2,Multiple Signals,0,0,0,0,30.0,Medium,2,No
UPI2026092614997634,2024-03-07 03:19:56,Amit Patel,amit.patel170@okaxis,ICICI Bank,Arjun Pillai,arjun.pillai656@okhdfcbank,Axis Bank,9506.91,P2P,Peer Transfer,CRED,Android,Rajasthan,SUCCESS,,2024-03-07,3,3,3,2024,True,True,Very High,16,34709.78,2169.36125,2553.701111889369,3,26160.32,8720.106666666667,1,0,0.0868303894427495,0,1,1,2,Multiple Signals,0,0,0,0,30.0,Medium,2,No
UPI2026094252373514,2024-03-07 04:54:57,Aadhya Choudhury,aadhya.choudhury585@oksbi,Kotak Mahindra Bank,Advaith Kulkarni,advaith.kulkarni204@barodampay,Kotak Mahindra Bank,41304.51,P2P,Peer Transfer,Paytm,Android,Uttar Pradesh,FAILED,INSUFFICIENT_FUNDS,2024-03-07,4,3,3,2024,True,True,Very High,18,74601.40000000001,4144.522222222223,9514.210088493051,8,73831.33,9228.91625,1,0,0.0168521931978606,0,1,1,2,Multiple Signals,0,0,0,0,30.0,Medium,2,No
UPI2026092508736023,2024-03-07 06:25:13,Darsh Agarwal,darsh.agarwal305@okaxis,Canara Bank,Pranav Kulkarni,pranav.kulkarni521@paytm,Canara Bank,20329.05,P2P,Peer Transfer,Paytm,Android,Telangana,PENDING,AWAITING_BANK_CONFIRMATION,2024-03-07,6,3,3,2024,True,True,Very High,20,83952.05,4197.6025,6183.736804015476,9,32176.05,3575.116666666667,1,0,0.0886203892796743,0,1,1,2,Multiple Signals,0,0,0,0,30.0,Medium,2,No
UPI2026098240609570,2024-03-07 06:51:37,Reyansh Kapoor,reyansh.kapoor875@apl,State Bank of India,Darsh Kulkarni,darsh.kulkarni725@paytm,ICICI Bank,43281.71,P2P,Peer Transfer,Paytm,iOS,Rajasthan,SUCCESS,,2024-03-07,6,3,3,2024,True,True,Very High,30,151180.9,5039.363333333333,9175.391615074994,7,67255.77,9607.967142857144,1,0,0.0415969295471855,0,1,1,2,Multiple Signals,0,0,0,0,30.0,Medium,2,No
UPI2026094555969753,2024-03-07 08:12:38,Vihaan Chauhan,vihaan.chauhan989@upi,Union Bank of India,Decathlon,decathlon@oksbi,Union Bank of India,8679.99,P2M,Shopping,PhonePe,Android,Telangana,FAILED,INSUFFICIENT_FUNDS,2024-03-07,8,3,3,2024,True,True,Very High,22,100695.43,4577.0650000000005,7736.833523137259,28,142490.27,5088.938214285714,1,0,0.0971218968545189,0,1,1,2,Multiple Signals,0,0,0,0,30.0,Medium,2,No
UPI2026093751756165,2024-03-07 13:16:47,Advik Singh,advik.singh148@oksbi,Canara Bank,Kavya Bhat,kavya.bhat37@upi,Axis Bank,9132.01,P2P,Peer Transfer,Google Pay,Android,Tamil Nadu,SUCCESS,,2024-03-07,13,3,3,2024,True,True,Very High,19,60076.02,3161.895789473684,3275.099033446361,11,24776.07,2252.37,1,0,0.1410803983224414,0,1,1,2,Multiple Signals,0,0,0,0,30.0,Medium,2,No
UPI2026091135078768,2024-03-07 13:36:44,Vivaan Agarwal,vivaan.agarwal698@ybl,IndusInd Bank,Cult.fit,cult.fit@barodampay,Union Bank of India,124.57,P2M,Health & Fitness,Google Pay,Android,Maharashtra,SUCCESS,,2024-03-07,13,3,3,2024,True,True,Low,16,166002.22,10375.13875,17755.55139783982,18,43974.04,2443.0022222222224,0,1,-0.0569616082922962,0,1,1,2,Multiple Signals,1,1,1,3,70.0,High,5,Yes
UPI2026093440765367,2024-03-07 14:22:35,Diya Gupta,diya.gupta518@apl,Punjab National Bank,Ayaan Sharma,ayaan.sharma763@okicici,Canara Bank,16479.18,P2P,Peer Transfer,PhonePe,Android,Rajasthan,SUCCESS,,2024-03-07,14,3,3,2024,True,True,Very High,25,133990.56,5359.6224,9894.853394522528,10,62877.22,6287.722,1,0,0.0311947974220048,0,1,1,2,Multiple Signals,0,1,0,1,40.0,Medium,3,No
UPI2026092235598059,2024-03-07 15:45:37,Anjali Verma,anjali.verma896@ibl,Kotak Mahindra Bank,Aditya Verma,aditya.verma576@ybl,ICICI Bank,42.29,P2P,Peer Transfer,PhonePe,Android,Karnataka,SUCCESS,,2024-03-07,15,3,3,2024,True,True,Low,19,75762.54,3987.502105263158,10941.230017476491,6,19458.3,3243.05,0,1,-0.0160461787909644,0,1,1,2,Multiple Signals,1,0,0,1,40.0,Medium,3,No
UPI2026093911132414,2024-03-07 17:56:37,Atharva Bhat,atharva.bhat886@paytm,Bank of Baroda,Avani Pandey,avani.pandey208@ibl,Punjab National Bank,40344.94,P2P,Peer Transfer,PhonePe,iOS,Rajasthan,FAILED,INSUFFICIENT_FUNDS,2024-03-07,17,3,3,2024,True,True,Very High,26,123232.6,4739.715384615385,8726.257961719552,8,88280.01,11035.00125,1,0,0.056472995550123,0,1,1,2,Multiple Signals,0,0,0,0,30.0,Medium,2,No
UPI2026093559304524,2024-03-09 01:31:45,Anjali Yadav,anjali.yadav865@upi,HDFC Bank,Medplus,medplus@paytm,Punjab National Bank,4966.98,P2M,Healthcare,PhonePe,Android,Telangana,SUCCESS,,2024-03-09,1,5,3,2024,True,True,High,18,92995.28,5166.404444444444,8867.812836422201,30,72958.6,2431.9533333333334,0,1,-0.0169654465313272,0,0,0,1,Single Signal,1,0,1,2,40.0,Medium,3,No
UPI2026095251365193,2024-03-09 05:45:08,Reyansh Malhotra,reyansh.malhotra208@ybl,Axis Bank,Shaurya Chatterjee,shaurya.chatterjee435@apl,Canara Bank,849.75,P2P,Peer Transfer,Google Pay,Android,Telangana,SUCCESS,,2024-03-09,5,5,3,2024,True,True,Medium,28,108506.62,3875.236428571429,8313.302466608122,5,30692.02,6138.404,0,1,-0.0322218859301889,0,0,0,1,Single Signal,1,1,1,3,55.0,Medium,4,No
UPI2026097663055238,2024-03-09 23:02:47,Isha Menon,isha.menon450@okicici,ICICI Bank,Sai Saxena,sai.saxena532@apl,HDFC Bank,299.19,P2P,Peer Transfer,Google Pay,Android,Gujarat,SUCCESS,,2024-03-09,23,5,3,2024,True,True,Low,19,97559.7,5134.7210526315785,8532.760570737477,3,12412.07,4137.356666666667,0,1,-0.0284349332140723,0,0,0,1,Single Signal,1,1,1,3,55.0,Medium,4,No
UPI2026091164504900,2024-03-10 10:53:30,Neha Patel,neha.patel497@apl,Punjab National Bank,Dhruv Kumar,dhruv.kumar262@upi,Union Bank of India,8649.12,P2P,Peer Transfer,Google Pay,Android,Rajasthan,SUCCESS,,2024-03-10,10,6,3,2024,True,True,Very High,27,49052.86,1816.772592592593,2083.964943817052,9,184945.18,20549.46444444444,1,1,-0.0122833266196784,0,0,0,2,Multiple Signals,1,1,1,3,70.0,High,5,Yes
UPI2026092195714619,2024-03-10 21:20:25,Ritvik Das,ritvik.das428@ibl,IndusInd Bank,Local Kirana Store,localkiran@ibl,Kotak Mahindra Bank,1954.26,P2M,Groceries,Google Pay,Android,Maharashtra,SUCCESS,,2024-03-10,21,6,3,2024,True,True,Medium,14,69165.91,4940.422142857143,12210.219337153723,30,40130.81,1337.6936666666666,0,1,-0.0190953458038957,0,0,0,1,Single Signal,1,0,1,2,40.0,Medium,3,No
UPI2026091912108739,2024-03-12 12:00:45,Prisha Rao,prisha.rao696@upi,Bank of Baroda,Ramesh Nair,ramesh.nair935@okhdfcbank,HDFC Bank,650.6,P2P,Peer Transfer,BHIM,iOS,Kerala,SUCCESS,,2024-03-12,12,1,3,2024,True,True,Medium,25,88392.99,3535.7196000000004,9698.238060232678,14,117318.01,8379.857857142857,0,1,-0.0135462307453331,0,0,0,1,Single Signal,1,1,1,3,55.0,Medium,4,No
UPI2026091272800168,2024-03-12 20:45:19,Aditya Mehta,aditya.mehta496@barodampay,State Bank of India,Ritvik Agarwal,ritvik.agarwal776@apl,Axis Bank,39890.6,P2P,Peer Transfer,Google Pay,Android,West Bengal,PENDING,AWAITING_BANK_CONFIRMATION,2024-03-12,20,1,3,2024,True,True,Very High,23,109340.49,4753.934347826086,9175.79875451467,8,87665.2,10958.15,1,1,-0.007116324594881,0,0,0,2,Multiple Signals,1,0,0,1,40.0,Medium,3,No
UPI2026098769240495,2024-03-12 23:45:58,Vivaan Das,vivaan.das904@apl,HDFC Bank,Chiara Bhat,chiara.bhat777@okicici,Axis Bank,734.73,P2P,Peer Transfer,Paytm,Android,Gujarat,SUCCESS,,2024-03-12,23,1,3,2024,True,True,Medium,23,84945.36,3693.27652173913,4880.061614454183,8,80055.58,10006.9475,0,1,-0.017544397126606,0,0,0,1,Single Signal,1,0,1,2,40.0,Medium,3,No
UPI2026096075748915,2024-03-15 21:52:49,Prisha Chatterjee,prisha.chatterjee48@okhdfcbank,Punjab National Bank,Ananya Chauhan,ananya.chauhan575@okicici,Bank of Baroda,34994.62,P2P,Peer Transfer,Google Pay,Android,Uttar Pradesh,SUCCESS,,2024-03-15,21,4,3,2024,True,True,Very High,19,131156.69,6902.983684210526,11344.84528741931,7,124772.86,17824.694285714286,1,1,-0.0008378021782666,0,0,0,2,Multiple Signals,1,1,1,3,70.0,High,5,Yes
UPI2026093386968437,2024-03-16 01:53:36,Amit Kapoor,amit.kapoor36@okicici,HDFC Bank,Darsh Reddy,darsh.reddy403@apl,State Bank of India,37227.81,P2P,Peer Transfer,PhonePe,iOS,Telangana,SUCCESS,,2024-03-16,1,5,3,2024,True,True,Very High,18,111510.02,6195.001111111112,11399.189541295773,9,62655.21,6961.69,1,1,-0.0451509925988069,0,0,0,2,Multiple Signals,1,1,1,3,70.0,High,5,Yes
UPI2026097450216127,2024-03-16 06:43:21,Aadhya Sharma,aadhya.sharma409@ybl,Canara Bank,Ritvik Chatterjee,ritvik.chatterjee137@apl,Kotak Mahindra Bank,714.44,P2P,Peer Transfer,PhonePe,Android,Uttar Pradesh,SUCCESS,,2024-03-16,6,5,3,2024,True,True,Medium,25,171696.02000000002,6867.840800000001,14058.01821902152,10,97175.25,9717.525,0,1,-0.0259190627273219,0,0,0,1,Single Signal,1,1,0,2,40.0,Medium,3,No
UPI2026094937840916,2024-03-16 09:44:51,Prisha Chatterjee,prisha.chatterjee48@okhdfcbank,Punjab National Bank,Sneha Sharma,sneha.sharma575@paytm,State Bank of India,27173.05,P2P,Peer Transfer,Google Pay,Android,Uttar Pradesh,SUCCESS,,2024-03-16,9,5,3,2024,True,True,Very High,19,131156.69,6902.983684210526,11344.84528741931,7,36738.32,5248.331428571429,1,0,0.0131873757171042,0,0,0,1,Single Signal,0,1,1,2,40.0,Medium,3,No
UPI2026097534955562,2024-03-17 05:54:01,Advaith Mehta,advaith.mehta990@okicici,Canara Bank,Neha Gupta,neha.gupta684@oksbi,Kotak Mahindra Bank,5611.16,P2P,Peer Transfer,PhonePe,Android,Tamil Nadu,SUCCESS,,2024-03-17,5,6,3,2024,True,True,Very High,21,194601.94,9266.759047619047,15140.3660864171,11,39906.6,3627.872727272727,0,1,-0.0921937585636228,0,0,0,1,Single Signal,1,1,1,3,55.0,Medium,4,No
UPI2026091425389035,2024-03-18 11:10:29,Amit Kapoor,amit.kapoor36@okicici,HDFC Bank,Netflix India,netflixind@apl,IndusInd Bank,637.72,P2M,Entertainment,PhonePe,Android,Telangana,SUCCESS,,2024-03-18,11,0,3,2024,True,True,Medium,18,111510.02,6195.001111111112,11399.189541295773,31,26281.03,847.7751612903226,0,1,-0.0224930687384388,0,0,0,1,Single Signal,1,1,1,3,55.0,Medium,4,No
UPI2026094553757622,2024-03-21 04:05:57,Aaryan Agarwal,aaryan.agarwal485@barodampay,IndusInd Bank,Sai Das,sai.das901@ybl,Punjab National Bank,43747.13,P2P,Peer Transfer,PhonePe,iOS,Gujarat,SUCCESS,,2024-03-21,4,3,3,2024,True,True,Very High,24,186894.45,7787.26875,13524.176545882983,11,91520.23,8320.020909090908,1,1,-0.0062514703425133,0,0,0,2,Multiple Signals,1,0,0,1,40.0,Medium,3,No
UPI2026099804598429,2024-03-23 02:08:22,Rahul Menon,rahul.menon644@paytm,ICICI Bank,Ayaan Mehta,ayaan.mehta240@oksbi,Punjab National Bank,43303.76,P2P,Peer Transfer,Google Pay,iOS,Delhi NCR,SUCCESS,,2024-03-23,2,5,3,2024,True,True,Very High,21,110009.92,5238.56761904762,11381.665436237752,7,50541.740000000005,7220.248571428572,1,0,0.0150548446866151,0,1,1,2,Multiple Signals,0,0,0,0,30.0,Medium,2,No
UPI2026099412142507,2024-03-23 05:50:07,Sunita Agarwal,sunita.agarwal189@apl,Union Bank of India,Dhruv Kumar,dhruv.kumar965@ibl,State Bank of India,8345.01,P2P,Peer Transfer,Google Pay,iOS,West Bengal,SUCCESS,,2024-03-23,5,5,3,2024,True,True,Very High,21,105710.25,5033.821428571428,8856.411746340213,11,42614.99,3874.09,1,0,0.085383937598503,0,1,1,2,Multiple Signals,0,0,0,0,30.0,Medium,2,No
UPI2026093967459769,2024-03-23 06:02:40,Aditya Menon,aditya.menon480@upi,State Bank of India,Ananya Nair,ananya.nair748@ibl,IndusInd Bank,13966.63,P2P,Peer Transfer,BHIM,Android,Gujarat,SUCCESS,,2024-03-23,6,5,3,2024,True,True,Very High,22,195236.88,8874.403636363637,13646.56428523924,8,63969.78,7996.2225,1,0,0.061590560747892,0,1,1,2,Multiple Signals,0,0,0,0,30.0,Medium,2,No
UPI2026095288099215,2024-03-23 07:07:29,Tanvi Mishra,tanvi.mishra523@okicici,HDFC Bank,Diya Agarwal,diya.agarwal161@barodampay,HDFC Bank,31267.04,P2P,Peer Transfer,Google Pay,Android,West Bengal,SUCCESS,,2024-03-23,7,5,3,2024,True,True,Very High,20,81473.82,4073.691,8041.764854264465,3,37282.6,12427.533333333333,1,0,0.0437137579086249,0,1,1,2,Multiple Signals,0,0,0,0,30.0,Medium,2,No
UPI2026091203048629,2024-03-23 07:53:14,Shaurya Iyer,shaurya.iyer431@apl,Kotak Mahindra Bank,Kabir Shah,kabir.shah94@paytm,State Bank of India,11401.38,P2P,Peer Transfer,PhonePe,iOS,Gujarat,SUCCESS,,2024-03-23,7,5,3,2024,True,True,Very High,22,153196.29,6963.467727272728,10281.68540633755,8,77250.91,9656.36375,1,0,0.0718935037032643,0,1,1,2,Multiple Signals,0,0,0,0,30.0,Medium,2,No
UPI2026096359050229,2024-03-23 09:22:25,Sunita Pandey,sunita.pandey126@ibl,Bank of Baroda,Meera Banerjee,meera.banerjee322@barodampay,IndusInd Bank,31924.58,P2P,Peer Transfer,Google Pay,Android,Karnataka,PENDING,AWAITING_BANK_CONFIRMATION,2024-03-23,9,5,3,2024,True,True,Very High,20,101667.67,5083.3835,7810.884966912504,5,56589.32000000001,11317.864,1,0,0.0550938131358049,0,1,1,2,Multiple Signals,0,0,0,0,30.0,Medium,2,No
UPI2026099354243093,2024-03-23 10:53:16,Isha Gupta,isha.gupta969@ybl,HDFC Bank,Priya Verma,priya.verma607@apl,ICICI Bank,9366.62,P2P,Peer Transfer,PhonePe,Android,Maharashtra,SUCCESS,,2024-03-23,10,5,3,2024,True,True,Very High,18,45419.11,2523.283888888889,2871.33196393168,9,61647.22,6849.691111111111,1,0,0.1133162724320799,0,1,1,2,Multiple Signals,0,0,0,0,30.0,Medium,2,No
UPI2026093639651857,2024-03-23 13:51:19,Aadhya Singh,aadhya.singh377@ibl,IndusInd Bank,Deepak Kumar,deepak.kumar541@okaxis,Union Bank of India,33814.49,P2P,Peer Transfer,PhonePe,Android,Uttar Pradesh,SUCCESS,,2024-03-23,13,5,3,2024,True,True,Very High,24,187937.54,7830.730833333334,12339.850167774715,10,102133.74,10213.374,1,0,0.0638951692161408,0,1,1,2,Multiple Signals,0,0,0,0,30.0,Medium,2,No
UPI2026095437924845,2024-03-23 15:26:49,Ayaan Kumar,ayaan.kumar652@okicici,Bank of Baroda,Kabir Kapoor,kabir.kapoor81@ybl,Punjab National Bank,47390.49,P2P,Peer Transfer,Google Pay,Android,Kerala,SUCCESS,,2024-03-23,15,5,3,2024,True,True,Very High,21,131037.56,6239.88380952381,14094.427496186738,10,104645.24,10464.524,1,0,0.0026472814303439,0,1,1,2,Multiple Signals,0,0,0,0,30.0,Medium,2,No
UPI2026094710463495,2024-03-23 16:39:42,Aarav Kapoor,aarav.kapoor120@paytm,ICICI Bank,Ramesh Joshi,ramesh.joshi150@oksbi,IndusInd Bank,40475.12,P2P,Peer Transfer,Paytm,Android,Uttar Pradesh,SUCCESS,,2024-03-23,16,5,3,2024,True,True,Very High,20,81188.89000000001,4059.444500000001,8852.493482701848,7,46536.77,6648.110000000001,1,0,0.0514839025743725,0,1,1,2,Multiple Signals,0,0,0,0,30.0,Medium,2,No
UPI2026091445282620,2024-03-23 17:01:26,Rahul Menon,rahul.menon644@paytm,ICICI Bank,Myra Singh,myra.singh822@oksbi,Union Bank of India,33632.12,P2P,Peer Transfer,PhonePe,Android,Delhi NCR,SUCCESS,,2024-03-23,17,5,3,2024,True,True,Very High,21,110009.92,5238.56761904762,11381.665436237752,11,60844.4,5531.309090909091,1,0,0.0102723340635899,0,1,1,2,Multiple Signals,0,0,0,0,30.0,Medium,2,No
UPI2026097503607945,2024-03-23 22:24:06,Aarav Gupta,aarav.gupta900@okicici,IndusInd Bank,Saanvi Mehta,saanvi.mehta760@oksbi,IndusInd Bank,26896.21,P2P,Peer Transfer,PhonePe,Android,Gujarat,SUCCESS,,2024-03-23,22,5,3,2024,True,True,Very High,26,127369.27,4898.818076923077,10606.865237373397,13,89322.1,6870.930769230769,1,0,0.0691545647098336,0,1,1,2,Multiple Signals,0,0,0,0,30.0,Medium,2,No
UPI2026093490672970,2024-03-24 21:46:34,Advaith Mehta,advaith.mehta990@okicici,Canara Bank,Anvi Patel,anvi.patel490@apl,Kotak Mahindra Bank,69.17,P2P,Peer Transfer,PhonePe,iOS,Tamil Nadu,FAILED,INCORRECT_UPI_PIN,2024-03-24,21,6,3,2024,True,True,Low,21,194601.94,9266.759047619047,15140.3660864171,6,89474.41,14912.401666666668,0,1,-0.0749930218919672,0,0,0,1,Single Signal,1,1,1,3,55.0,Medium,4,No
UPI2026099852636930,2024-03-25 01:18:38,Navya Saxena,navya.saxena384@upi,Union Bank of India,Ishaan Bhat,ishaan.bhat924@upi,ICICI Bank,47843.57,P2P,Peer Transfer,Google Pay,iOS,Uttar Pradesh,SUCCESS,,2024-03-25,1,0,3,2024,True,True,Very High,24,112104.62,4671.025833333333,9983.229401546558,9,61527.47,6836.385555555556,1,1,-9.505850550095564e-05,0,0,0,2,Multiple Signals,1,0,1,2,55.0,Medium,4,No
UPI2026091253136414,2024-03-26 06:01:03,Amit Mishra,amit.mishra548@paytm,Punjab National Bank,Amit Singh,amit.singh430@ibl,Bank of Baroda,8371.31,P2P,Peer Transfer,Google Pay,Android,Tamil Nadu,SUCCESS,,2024-03-26,6,1,3,2024,True,True,Very High,15,89795.73,5986.382,12513.000318452348,8,75653.06,9456.6325,1,1,-0.0361399508253791,0,0,0,2,Multiple Signals,1,0,1,2,55.0,Medium,4,No
UPI2026098804980185,2024-03-26 23:03:55,Aaryan Agarwal,aaryan.agarwal485@barodampay,IndusInd Bank,Ramesh Nair,ramesh.nair935@okhdfcbank,HDFC Bank,17945.31,P2P,Peer Transfer,BHIM,Android,Gujarat,SUCCESS,,2024-03-26,23,1,3,2024,True,True,Very High,24,186894.45,7787.26875,13524.176545882983,14,117318.01,8379.857857142857,1,1,-0.0819712012648297,0,0,0,2,Multiple Signals,1,1,1,3,70.0,High,5,Yes
UPI2026097229434069,2024-03-27 18:00:46,Pooja Shah,pooja.shah52@ibl,Union Bank of India,Ritvik Mishra,ritvik.mishra621@apl,Kotak Mahindra Bank,315.1,P2P,Peer Transfer,CRED,iOS,Gujarat,SUCCESS,,2024-03-27,18,2,3,2024,True,True,Low,22,28432.35,1292.3795454545457,1706.5086525598658,7,152070.07,21724.29571428572,0,1,-0.0149535412097558,0,0,0,1,Single Signal,1,1,1,3,55.0,Medium,4,No
UPI2026096265584385,2024-03-27 18:29:33,Sneha Nair,sneha.nair85@paytm,Union Bank of India,Pari Pandey,pari.pandey51@okhdfcbank,HDFC Bank,7308.82,P2P,Peer Transfer,Paytm,Android,West Bengal,SUCCESS,,2024-03-27,18,2,3,2024,True,True,Very High,20,98608.98,4930.449,9848.379719026134,8,85040.06,10630.0075,0,1,-0.0345201638099058,0,0,0,1,Single Signal,1,0,1,2,40.0,Medium,3,No
UPI2026093562577985,2024-03-28 16:22:46,Aadhya Sharma,aadhya.sharma409@ybl,Canara Bank,Decathlon,decathlon@okicici,HDFC Bank,8818.94,P2M,Shopping,Paytm,Android,Uttar Pradesh,SUCCESS,,2024-03-28,16,3,3,2024,True,True,Very High,25,171696.02000000002,6867.840800000001,14058.01821902152,30,143414.24,4780.474666666666,1,1,-0.0379428468187932,0,0,0,2,Multiple Signals,1,0,0,1,40.0,Medium,3,No
UPI2026098368266439,2024-03-29 02:46:37,Vivaan Agarwal,vivaan.agarwal698@ybl,IndusInd Bank,Chiara Bhat,chiara.bhat777@okicici,Axis Bank,862.47,P2P,Peer Transfer,Google Pay,iOS,Maharashtra,SUCCESS,,2024-03-29,2,4,3,2024,True,True,Medium,16,166002.22,10375.13875,17755.55139783982,8,80055.58,10006.9475,0,1,-0.1314466218040982,0,0,0,1,Single Signal,1,1,1,3,55.0,Medium,4,No
UPI2026094733823293,2024-04-01 01:34:35,Arjun Kumar,arjun.kumar768@okhdfcbank,State Bank of India,Meera Banerjee,meera.banerjee322@barodampay,IndusInd Bank,659.5,P2P,Peer Transfer,PhonePe,Android,Rajasthan,SUCCESS,,2024-04-01,1,0,4,2024,True,True,Medium,29,83086.70999999999,2865.058965517241,5782.128913585094,5,56589.32000000001,11317.864,0,1,-0.0011735670786439,0,0,0,1,Single Signal,1,1,1,3,55.0,Medium,4,No
UPI2026092366536870,2024-04-01 09:51:35,Meera Singh,meera.singh472@upi,Axis Bank,Sneha Nair,sneha.nair85@paytm,Union Bank of India,13248.39,P2P,Peer Transfer,PhonePe,Android,Kerala,SUCCESS,,2024-04-01,9,0,4,2024,True,True,Very High,21,176864.68,8422.127619047618,13197.263509726135,9,105568.37,11729.818888888887,1,1,-0.031040240973519,0,0,0,2,Multiple Signals,1,1,0,2,55.0,Medium,4,No
UPI2026095001713266,2024-04-02 00:33:25,Vivaan Agarwal,vivaan.agarwal698@ybl,IndusInd Bank,Decathlon,decathlon@okhdfcbank,Kotak Mahindra Bank,2052.79,P2M,Shopping,Paytm,iOS,Maharashtra,SUCCESS,,2024-04-02,0,1,4,2024,True,True,High,16,166002.22,10375.13875,17755.55139783982,23,116762.97,5076.650869565217,0,1,-0.0766558842233213,0,0,0,1,Single Signal,1,1,1,3,55.0,Medium,4,No
UPI2026098264034045,2024-04-02 00:41:54,Arjun Pillai,arjun.pillai804@apl,HDFC Bank,Arjun Verma,arjun.verma179@ybl,IndusInd Bank,156.71,P2P,Peer Transfer,Google Pay,Android,Uttar Pradesh,SUCCESS,,2024-04-02,0,1,4,2024,True,True,Low,30,92020.77,3067.359,6134.75898651528,3,36007.69,12002.563333333334,0,1,-0.0360983329424093,0,0,0,1,Single Signal,1,1,1,3,55.0,Medium,4,No
UPI2026092834593810,2024-04-05 23:51:48,Advaith Mehta,advaith.mehta990@okicici,Canara Bank,Myntra,myntra@okicici,Canara Bank,2984.35,P2M,Shopping,PhonePe,Android,Tamil Nadu,SUCCESS,,2024-04-05,23,4,4,2024,True,True,High,21,194601.94,9266.759047619047,15140.3660864171,27,145837.02,5401.371111111111,0,1,-0.0732938639420304,0,0,0,1,Single Signal,1,0,1,2,40.0,Medium,3,No
UPI2026096664127996,2024-04-06 05:50:10,Vivaan Agarwal,vivaan.agarwal698@ybl,IndusInd Bank,Sunita Yadav,sunita.yadav222@barodampay,Axis Bank,7844.74,P2P,Peer Transfer,Paytm,Android,Maharashtra,SUCCESS,,2024-04-06,5,5,4,2024,True,True,Very High,16,166002.22,10375.13875,17755.55139783982,8,42224.15,5278.01875,0,1,-0.0543820126810542,0,0,0,1,Single Signal,1,1,0,2,40.0,Medium,3,No
UPI2026096470990533,2024-04-08 06:06:59,Atharva Saxena,atharva.saxena432@okhdfcbank,ICICI Bank,Pari Pillai,pari.pillai213@oksbi,IndusInd Bank,221.69,P2P,Peer Transfer,PhonePe,Android,Telangana,SUCCESS,,2024-04-08,6,0,4,2024,True,True,Low,27,89842.58,3327.502962962963,9113.936471648924,7,76101.17,10871.595714285711,0,1,-0.0208806587399552,0,0,0,1,Single Signal,1,1,1,3,55.0,Medium,4,No
UPI2026096054227953,2024-04-09 00:03:47,Prisha Pillai,prisha.pillai272@ibl,ICICI Bank,Krishna Pandey,krishna.pandey306@okaxis,IndusInd Bank,11720.02,P2P,Peer Transfer,Google Pay,Android,Kerala,SUCCESS,,2024-04-09,0,1,4,2024,True,True,Very High,15,35233.27,2348.8846666666664,3066.4029639392206,13,44572.08,3428.6215384615384,1,0,0.0789101873476013,0,1,1,2,Multiple Signals,0,1,0,1,40.0,Medium,3,No
UPI2026094334860687,2024-04-09 00:04:57,Reyansh Kapoor,reyansh.kapoor22@barodampay,Kotak Mahindra Bank,Priya Kapoor,priya.kapoor714@okhdfcbank,IndusInd Bank,37321.3,P2P,Peer Transfer,Paytm,Android,West Bengal,SUCCESS,,2024-04-09,0,1,4,2024,True,True,Very High,23,159972.54,6955.3278260869565,11468.783275782278,8,55846.82,6980.8525,1,1,-0.0024815490706158,0,1,1,3,All Methods,1,0,1,2,70.0,High,5,Yes
UPI2026098911916968,2024-04-09 04:49:57,Arjun Mehta,arjun.mehta807@ibl,Punjab National Bank,Pooja Verma,pooja.verma629@okicici,Canara Bank,25540.4,P2P,Peer Transfer,PhonePe,Android,Gujarat,SUCCESS,,2024-04-09,4,1,4,2024,True,True,Very High,18,114560.77,6364.487222222222,11762.21017966827,8,92348.1,11543.5125,1,1,-0.026657098329299,0,1,1,3,All Methods,1,1,1,3,85.0,Critical,6,Yes
UPI2026097223027790,2024-04-09 05:33:15,Suresh Chauhan,suresh.chauhan461@apl,Kotak Mahindra Bank,Shreya Kulkarni,shreya.kulkarni609@upi,Punjab National Bank,9895.43,P2P,Peer Transfer,PhonePe,iOS,Gujarat,SUCCESS,,2024-04-09,5,1,4,2024,True,True,Very High,20,78315.09999999999,3915.755,10738.489974372069,9,69460.98000000001,7717.886666666668,1,0,0.0752973932285677,0,1,1,2,Multiple Signals,0,0,0,0,30.0,Medium,2,No
UPI2026093760363497,2024-04-09 09:22:13,Vivaan Patel,vivaan.patel977@paytm,Union Bank of India,Kavya Mishra,kavya.mishra267@okhdfcbank,State Bank of India,36975.16,P2P,Peer Transfer,Google Pay,iOS,West Bengal,SUCCESS,,2024-04-09,9,1,4,2024,True,True,Very High,18,56097.61,3116.533888888889,8483.987765433492,14,98767.53,7054.823571428571,1,0,0.023944797037855,0,1,1,2,Multiple Signals,0,0,0,0,30.0,Medium,2,No
UPI2026092499401504,2024-04-09 13:07:37,Priya Verma,priya.verma607@apl,ICICI Bank,Rahul Joshi,rahul.joshi480@ybl,HDFC Bank,17451.59,P2P,Peer Transfer,Google Pay,Android,Rajasthan,SUCCESS,,2024-04-09,13,1,4,2024,True,True,Very High,21,105129.36,5006.16,8396.285201992605,15,72941.75,4862.783333333334,1,0,0.0760501325390607,0,1,1,2,Multiple Signals,0,0,0,0,30.0,Medium,2,No
UPI2026096845893807,2024-04-09 14:38:51,Sunita Yadav,sunita.yadav222@barodampay,Axis Bank,Flipkart,flipkart@barodampay,HDFC Bank,9710.99,P2M,Shopping,Axis Pay,Android,Delhi NCR,SUCCESS,,2024-04-09,14,1,4,2024,True,True,Very High,9,31279.49,3475.4988888888893,3558.762416035399,19,96464.73,5077.091052631578,1,0,0.1166849383027079,0,1,1,2,Multiple Signals,0,0,0,0,30.0,Medium,2,No
UPI2026094559365646,2024-04-09 16:26:58,Ritvik Chatterjee,ritvik.chatterjee911@apl,State Bank of India,Sneha Banerjee,sneha.banerjee436@upi,Union Bank of India,44431.21,P2P,Peer Transfer,PhonePe,Android,Maharashtra,SUCCESS,,2024-04-09,16,1,4,2024,True,True,Very High,19,93355.76,4913.461052631578,10977.52218180248,4,53376.75,13344.1875,1,0,0.0324826302532959,0,1,1,2,Multiple Signals,0,0,0,0,30.0,Medium,2,No
UPI2026099030957760,2024-04-09 23:40:23,Aaryan Pandey,aaryan.pandey431@barodampay,ICICI Bank,Krishna Menon,krishna.menon114@upi,State Bank of India,48301.89,P2P,Peer Transfer,Google Pay,Android,Tamil Nadu,SUCCESS,,2024-04-09,23,1,4,2024,True,True,Very High,12,77114.91,6426.2425,14055.829901383931,7,61990.09,8855.727142857142,1,1,-0.0006899976579993,0,1,1,3,All Methods,1,0,1,2,70.0,High,5,Yes
UPI2026095044403090,2024-04-10 02:21:50,Sunita Gupta,sunita.gupta529@oksbi,Kotak Mahindra Bank,Suresh Chauhan,suresh.chauhan461@apl,Kotak Mahindra Bank,32600.22,P2P,Peer Transfer,Google Pay,Android,Rajasthan,SUCCESS,,2024-04-10,2,2,4,2024,True,True,Very High,30,218098.6,7269.953333333334,12623.1232909662,12,83962.76000000001,6996.896666666667,1,1,-0.0023366162122762,0,0,0,2,Multiple Signals,1,0,1,2,55.0,Medium,4,No
UPI2026094760767765,2024-04-14 02:00:07,Vihaan Yadav,vihaan.yadav265@oksbi,Canara Bank,Riya Pandey,riya.pandey951@upi,ICICI Bank,34532.16,P2P,Peer Transfer,PhonePe,Android,Tamil Nadu,SUCCESS,,2024-04-14,2,6,4,2024,True,True,Very High,14,92945.48,6638.962857142857,11391.677101585668,7,149698.59,21385.512857142858,1,1,-0.009525021891476,0,0,0,2,Multiple Signals,1,0,1,2,55.0,Medium,4,No
UPI2026093793299019,2024-04-14 03:40:39,Rohan Kulkarni,rohan.kulkarni621@okhdfcbank,HDFC Bank,Chiara Saxena,chiara.saxena654@barodampay,Axis Bank,39676.55,P2P,Peer Transfer,PhonePe,Android,Telangana,SUCCESS,,2024-04-14,3,6,4,2024,True,True,Very High,24,119383.58,4974.315833333333,9396.49303849368,9,103487.01,11498.556666666667,1,1,-0.0053016238495352,0,0,0,2,Multiple Signals,1,0,0,1,40.0,Medium,3,No
UPI2026092338991451,2024-04-14 18:36:27,Aaryan Agarwal,aaryan.agarwal485@barodampay,IndusInd Bank,Amit Bhat,amit.bhat747@barodampay,Punjab National Bank,924.66,P2P,Peer Transfer,Google Pay,Android,Gujarat,SUCCESS,,2024-04-14,18,6,4,2024,True,True,Medium,24,186894.45,7787.26875,13524.176545882983,6,61903.77,10317.295,0,1,-0.0424931640629625,0,0,0,1,Single Signal,1,1,1,3,55.0,Medium,4,No
UPI2026096786043791,2024-04-14 19:02:08,Aarav Rao,aarav.rao315@paytm,Bank of Baroda,Navya Saxena,navya.saxena384@upi,Union Bank of India,423.96,P2P,Peer Transfer,Google Pay,Android,Rajasthan,SUCCESS,,2024-04-14,19,6,4,2024,True,True,Low,11,72471.85,6588.35,14067.569047303805,6,67803.19,11300.531666666668,0,1,-0.0252304200095649,0,0,0,1,Single Signal,1,1,1,3,55.0,Medium,4,No
UPI2026098145543607,2024-04-15 03:32:59,Advaith Mehta,advaith.mehta990@okicici,Canara Bank,Medplus,medplus@barodampay,Axis Bank,2562.93,P2M,Healthcare,Google Pay,Android,Tamil Nadu,SUCCESS,,2024-04-15,3,0,4,2024,True,True,High,21,194601.94,9266.759047619047,15140.3660864171,24,64330.66,2680.4441666666667,0,1,-0.0596642713528645,0,0,0,1,Single Signal,1,1,1,3,55.0,Medium,4,No
UPI2026097410114897,2024-04-15 05:47:41,Aditya Nair,aditya.nair383@okhdfcbank,Punjab National Bank,Sai Das,sai.das901@ybl,Punjab National Bank,30232.22,P2P,Peer Transfer,Google Pay,iOS,Delhi NCR,SUCCESS,,2024-04-15,5,0,4,2024,True,True,Very High,19,102732.93,5406.996315789474,11553.77184612464,11,91520.23,8320.020909090908,1,1,-0.0024026514892412,0,0,0,2,Multiple Signals,1,0,0,1,40.0,Medium,3,No
UPI2026095517090527,2024-04-16 01:24:21,Advaith Mehta,advaith.mehta990@okicici,Canara Bank,Airtel Prepaid/Postpaid,airtelprep@paytm,Union Bank of India,701.98,P2M,Bills & Utilities,CRED,Android,Tamil Nadu,SUCCESS,,2024-04-16,1,1,4,2024,True,True,Medium,21,194601.94,9266.759047619047,15140.3660864171,28,67376.01,2406.286071428571,0,1,-0.0493160813302914,0,0,0,1,Single Signal,1,1,1,3,55.0,Medium,4,No
UPI2026091598240097,2024-04-16 05:36:42,Deepak Chauhan,deepak.chauhan316@apl,HDFC Bank,Atharva Agarwal,atharva.agarwal148@paytm,Punjab National Bank,9210.88,P2P,Peer Transfer,PhonePe,iOS,Telangana,SUCCESS,,2024-04-16,5,1,4,2024,True,True,Very High,32,163415.76,5106.7425,9263.142042390542,2,29672.45,14836.225,1,1,-0.0100058548291027,0,0,0,2,Multiple Signals,1,1,1,3,70.0,High,5,Yes
UPI2026095272820152,2024-04-17 10:42:54,Vivaan Agarwal,vivaan.agarwal698@ybl,IndusInd Bank,Myntra,myntra@okhdfcbank,ICICI Bank,9269.45,P2M,Shopping,PhonePe,Android,Maharashtra,SUCCESS,,2024-04-17,10,2,4,2024,True,True,Very High,16,166002.22,10375.13875,17755.55139783982,21,113754.14,5416.863809523809,1,1,-0.0486617676182795,0,0,0,2,Multiple Signals,1,1,0,2,55.0,Medium,4,No
UPI2026099593556607,2024-04-18 17:55:48,Priya Kapoor,priya.kapoor714@okhdfcbank,IndusInd Bank,Riya Pandey,riya.pandey951@upi,ICICI Bank,44627.19,P2P,Peer Transfer,Paytm,Android,West Bengal,SUCCESS,,2024-04-18,17,3,4,2024,True,True,Very High,22,92598.2,4209.009090909091,9683.160534398,7,149698.59,21385.512857142858,1,1,-0.048885818790422,0,0,0,2,Multiple Signals,1,0,1,2,55.0,Medium,4,No
UPI2026098849433794,2024-04-19 00:53:21,Ritvik Agarwal,ritvik.agarwal828@okaxis,IndusInd Bank,Amazon Pay Merchant,amazonpaym@paytm,Punjab National Bank,9740.45,P2M,Shopping,Google Pay,Android,Telangana,SUCCESS,,2024-04-19,0,4,4,2024,True,True,Very High,19,65076.69,3425.088947368421,5981.213119484016,29,155794.66,5372.229655172414,1,0,0.0317809714740274,0,1,1,2,Multiple Signals,0,0,0,0,30.0,Medium,2,No
UPI2026092637299068,2024-04-19 06:25:35,Anjali Choudhury,anjali.choudhury553@okhdfcbank,IndusInd Bank,Ritvik Kulkarni,ritvik.kulkarni989@ybl,Canara Bank,8713.03,P2P,Peer Transfer,Google Pay,Android,Telangana,SUCCESS,,2024-04-19,6,4,4,2024,True,True,Very High,26,102067.54,3925.674615384615,8711.959737543893,13,91645.39,7049.6453846153845,1,0,0.0872942005687845,0,1,1,2,Multiple Signals,0,0,0,0,30.0,Medium,2,No
UPI2026091627755434,2024-04-19 06:49:41,Chiara Bhat,chiara.bhat664@okhdfcbank,Canara Bank,Amazon Pay Merchant,amazonpaym@okicici,Axis Bank,9917.02,P2M,Shopping,Paytm,Android,Rajasthan,SUCCESS,,2024-04-19,6,4,4,2024,True,True,Very High,23,54719.81,2379.122173913044,2772.6569337402325,32,197283.93,6165.1228125,1,0,0.0464173444078429,0,1,1,2,Multiple Signals,0,0,0,0,30.0,Medium,2,No
UPI2026097548023573,2024-04-19 07:06:38,Ritvik Bhat,ritvik.bhat225@ibl,Axis Bank,Aaryan Agarwal,aaryan.agarwal485@barodampay,IndusInd Bank,30204.06,P2P,Peer Transfer,PhonePe,Android,Uttar Pradesh,SUCCESS,,2024-04-19,7,4,4,2024,True,True,Very High,21,82735.21,3939.771904761905,6684.288406167571,9,142155.55,15795.06111111111,1,0,0.0740570875367682,0,1,1,2,Multiple Signals,0,0,0,0,30.0,Medium,2,No
UPI2026092892231987,2024-04-19 08:42:31,Diya Sharma,diya.sharma516@ibl,ICICI Bank,Ritvik Agarwal,ritvik.agarwal828@okaxis,IndusInd Bank,46635.19,P2P,Peer Transfer,Google Pay,Android,West Bengal,SUCCESS,,2024-04-19,8,4,4,2024,True,True,Very High,24,131743.91999999998,5489.329999999999,11501.47194416134,6,96836.95,16139.491666666669,1,1,-0.0203308525416171,0,1,1,3,All Methods,1,0,1,2,70.0,High,5,Yes
UPI2026094050286994,2024-04-19 09:10:16,Aditya Singh,aditya.singh620@paytm,Punjab National Bank,Tanvi Reddy,tanvi.reddy166@ibl,ICICI Bank,9905.17,P2P,Peer Transfer,Google Pay,Android,Telangana,SUCCESS,,2024-04-19,9,4,4,2024,True,True,Very High,18,103120.45,5728.913888888888,9442.958232636596,10,54945.59999999999,5494.56,1,0,0.0861633692004842,0,1,1,2,Multiple Signals,0,0,0,0,30.0,Medium,2,No
UPI2026099075271226,2024-04-19 10:17:02,Advik Pandey,advik.pandey380@barodampay,Canara Bank,Reyansh Kapoor,reyansh.kapoor22@barodampay,Kotak Mahindra Bank,16332.1,P2P,Peer Transfer,PhonePe,Android,West Bengal,SUCCESS,,2024-04-19,10,4,4,2024,True,True,Very High,18,75797.45,4210.969444444444,9122.718056910884,5,30432.18,6086.436,1,0,0.1077070791009003,0,1,1,2,Multiple Signals,0,0,0,0,30.0,Medium,2,No
UPI2026098279865930,2024-04-19 10:45:07,Prisha Das,prisha.das435@oksbi,Punjab National Bank,Chiara Kulkarni,chiara.kulkarni967@apl,Canara Bank,45934.86,P2P,Peer Transfer,Google Pay,Android,Gujarat,FAILED,NETWORK_TIMEOUT,2024-04-19,10,4,4,2024,True,True,Very High,22,130468.25,5930.375,12332.601547656695,10,91601.23,9160.123,1,0,0.0155666636823442,0,1,1,2,Multiple Signals,0,0,0,0,30.0,Medium,2,No
UPI2026092448078788,2024-04-19 11:45:49,Pranav Iyer,pranav.iyer980@apl,Axis Bank,Advik Verma,advik.verma820@okaxis,HDFC Bank,30291.62,P2P,Peer Transfer,PhonePe,Android,Delhi NCR,SUCCESS,,2024-04-19,11,4,4,2024,True,True,Very High,23,110941.97,4823.563913043478,9372.042221827418,8,41690.98,5211.3725,1,0,0.0429998847824139,0,1,1,2,Multiple Signals,0,0,0,0,30.0,Medium,2,No
UPI2026091923217331,2024-04-20 00:09:59,Ritvik Chatterjee,ritvik.chatterjee137@apl,Kotak Mahindra Bank,Anvi Kapoor,anvi.kapoor949@paytm,Bank of Baroda,43401.6,P2P,Peer Transfer,PhonePe,iOS,Gujarat,SUCCESS,,2024-04-20,0,5,4,2024,True,True,Very High,25,111038.68,4441.5472,8484.864921705943,4,57609.89,14402.4725,1,1,-0.0475135352654891,1,1,1,3,All Methods,1,0,1,2,70.0,High,5,Yes
UPI2026093623960525,2024-04-20 00:25:26,Sunita Gupta,sunita.gupta529@oksbi,Kotak Mahindra Bank,Kabir Verma,kabir.verma13@ibl,ICICI Bank,44985.66,P2P,Peer Transfer,Paytm,Android,Rajasthan,SUCCESS,,2024-04-20,0,5,4,2024,True,True,Very High,30,218098.6,7269.953333333334,12623.1232909662,14,147634.35,10545.310714285715,1,1,-0.1017854042892369,1,1,1,3,All Methods,1,1,1,3,85.0,Critical,6,Yes
UPI2026092464929243,2024-04-20 05:05:50,Aadhya Mehta,aadhya.mehta271@okaxis,Punjab National Bank,Atharva Nair,atharva.nair24@upi,ICICI Bank,31258.4,P2P,Peer Transfer,Paytm,Android,Karnataka,SUCCESS,,2024-04-20,5,5,4,2024,True,True,Very High,21,79501.0,3785.7619047619046,6777.975868932862,9,115331.91,12814.656666666668,1,0,0.0261077799994701,1,1,1,2,Multiple Signals,0,0,0,0,30.0,Medium,2,No
UPI2026092987083105,2024-04-20 06:19:30,Pranav Das,pranav.das439@apl,Punjab National Bank,Amazon Pay Merchant,amazonpaym@upi,Canara Bank,9312.03,P2M,Shopping,CRED,iOS,Tamil Nadu,SUCCESS,,2024-04-20,6,5,4,2024,True,True,Very High,26,137257.1,5279.119230769231,9355.32911917862,25,132121.37,5284.8548,1,0,0.0235673812972977,1,1,1,2,Multiple Signals,0,0,0,0,30.0,Medium,2,No
UPI2026097095875052,2024-04-20 08:16:48,Arjun Mehta,arjun.mehta807@ibl,Punjab National Bank,Arjun Deshmukh,arjun.deshmukh892@okaxis,Bank of Baroda,15822.85,P2P,Peer Transfer,Paytm,Android,Gujarat,SUCCESS,,2024-04-20,8,5,4,2024,True,True,Very High,18,114560.77,6364.487222222222,11762.21017966827,7,66533.37,9504.767142857145,1,0,0.0189884092663245,1,1,1,2,Multiple Signals,0,0,0,0,30.0,Medium,2,No
UPI2026093306867876,2024-04-20 08:47:49,Rohan Gupta,rohan.gupta50@okaxis,Canara Bank,Aaryan Reddy,aaryan.reddy607@ibl,HDFC Bank,26576.47,P2P,Peer Transfer,CRED,Android,West Bengal,SUCCESS,,2024-04-20,8,5,4,2024,True,True,Very High,17,55876.02,3286.824705882353,6258.97761604493,16,120046.87,7502.929375000001,1,0,0.0436858884119828,1,1,1,2,Multiple Signals,0,0,0,0,30.0,Medium,2,No
UPI2026092365461649,2024-04-20 10:48:23,Aadhya Singh,aadhya.singh377@ibl,IndusInd Bank,Kabir Pandey,kabir.pandey562@apl,Canara Bank,20032.09,P2P,Peer Transfer,PhonePe,iOS,Uttar Pradesh,SUCCESS,,2024-04-20,10,5,4,2024,True,True,Very High,24,187937.54,7830.730833333334,12339.850167774715,11,152238.2,13839.836363636365,1,0,0.0404603710121839,1,1,1,2,Multiple Signals,0,0,0,0,30.0,Medium,2,No
UPI2026098868928937,2024-04-20 12:37:14,Advik Verma,advik.verma820@okaxis,HDFC Bank,Ayaan Singh,ayaan.singh250@upi,ICICI Bank,46880.92,P2P,Peer Transfer,Google Pay,Android,Telangana,SUCCESS,,2024-04-20,12,5,4,2024,True,True,Very High,18,134840.6,7491.144444444445,12045.45230422826,8,62884.6,7860.575,1,0,0.0268694618841613,1,1,1,2,Multiple Signals,0,0,0,0,30.0,Medium,2,No
UPI2026091035462419,2024-04-20 13:12:54,Aadhya Chauhan,aadhya.chauhan377@barodampay,Kotak Mahindra Bank,Rohan Gupta,rohan.gupta50@okaxis,Canara Bank,26877.98,P2P,Peer Transfer,Google Pay,Android,Uttar Pradesh,SUCCESS,,2024-04-20,13,5,4,2024,True,True,Very High,17,89098.5,5241.088235294118,9385.09039116182,9,107416.99,11935.22111111111,1,0,0.0957580130847495,1,1,1,2,Multiple Signals,0,0,0,0,30.0,Medium,2,No
UPI2026094330179067,2024-04-20 15:40:52,Vivaan Agarwal,vivaan.agarwal698@ybl,IndusInd Bank,Apollo Pharmacy,apollophar@paytm,State Bank of India,2886.54,P2M,Healthcare,Google Pay,iOS,Maharashtra,SUCCESS,,2024-04-20,15,5,4,2024,True,True,High,16,166002.22,10375.13875,17755.55139783982,25,67764.63,2710.5852,0,1,-0.0463846838926245,1,1,1,2,Multiple Signals,1,0,0,1,40.0,Medium,3,No
UPI2026096460668788,2024-04-20 16:01:42,Pooja Yadav,pooja.yadav163@okicici,Punjab National Bank,Aadhya Singh,aadhya.singh377@ibl,IndusInd Bank,10079.67,P2P,Peer Transfer,Paytm,iOS,Rajasthan,SUCCESS,,2024-04-20,16,5,4,2024,True,True,Very High,19,42826.45,2254.023684210526,2985.990976897528,7,71118.08,10159.725714285714,1,0,0.1271318038161519,1,1,1,2,Multiple Signals,0,0,0,0,30.0,Medium,2,No
UPI2026099882756088,2024-04-20 16:27:41,Sunita Verma,sunita.verma218@ybl,Union Bank of India,Ananya Pandey,ananya.pandey830@okicici,HDFC Bank,10128.97,P2P,Peer Transfer,PhonePe,iOS,Tamil Nadu,SUCCESS,,2024-04-20,16,5,4,2024,True,True,Very High,29,65376.83,2254.3734482758623,3814.5196020930302,8,71207.95999999999,8900.994999999999,1,0,0.0887380972348933,1,1,1,2,Multiple Signals,0,0,0,0,30.0,Medium,2,No
UPI2026092000900914,2024-04-20 16:31:39,Aanya Kapoor,aanya.kapoor261@oksbi,Kotak Mahindra Bank,Decathlon,decathlon@apl,Kotak Mahindra Bank,9027.17,P2M,Shopping,Paytm,Android,West Bengal,SUCCESS,,2024-04-20,16,5,4,2024,True,True,Very High,20,89828.17,4491.4085,8526.413642758216,16,90516.38,5657.27375,1,0,0.1083348100186257,1,1,1,2,Multiple Signals,0,0,0,0,30.0,Medium,2,No
UPI2026097067648660,2024-04-20 16:58:25,Amit Kulkarni,amit.kulkarni392@apl,Union Bank of India,Kabir Pandey,kabir.pandey562@apl,Canara Bank,46774.0,P2P,Peer Transfer,Google Pay,Android,West Bengal,SUCCESS,,2024-04-20,16,5,4,2024,True,True,Very High,18,86115.17,4784.176111111111,10736.416667522208,11,152238.2,13839.836363636365,1,1,-0.0022047210077166,1,1,1,3,All Methods,1,0,1,2,70.0,High,5,Yes
UPI2026094265780756,2024-04-21 01:41:24,Pranav Rao,pranav.rao826@ybl,Punjab National Bank,Pooja Nair,pooja.nair97@okaxis,State Bank of India,744.33,P2P,Peer Transfer,Google Pay,Android,Uttar Pradesh,SUCCESS,,2024-04-21,1,6,4,2024,True,True,Medium,19,107059.95,5634.734210526316,10479.767013416493,9,86757.61,9639.734444444444,0,1,-0.0034725001406656,0,1,1,2,Multiple Signals,1,1,1,3,70.0,High,5,Yes
UPI2026094277349163,2024-04-21 04:42:20,Ishaan Kumar,ishaan.kumar563@ybl,ICICI Bank,Sunita Shah,sunita.shah173@paytm,Punjab National Bank,45484.14,P2P,Peer Transfer,CRED,iOS,Karnataka,SUCCESS,,2024-04-21,4,6,4,2024,True,True,Very High,32,218609.16,6831.53625,11499.709856278632,11,60098.49,5463.499090909091,1,1,-0.0209680230470169,0,1,1,3,All Methods,1,0,1,2,70.0,High,5,Yes
UPI2026096551823759,2024-04-21 05:08:28,Chiara Malhotra,chiara.malhotra511@oksbi,Bank of Baroda,Arjun Patel,arjun.patel861@oksbi,State Bank of India,37171.97,P2P,Peer Transfer,Amazon Pay,iOS,Telangana,SUCCESS,,2024-04-21,5,6,4,2024,True,True,Very High,14,68694.14,4906.7242857142855,9764.934988094836,10,115041.92,11504.192,1,1,-0.0082276952333905,0,1,1,3,All Methods,1,0,1,2,70.0,High,5,Yes
UPI2026096031562094,2024-04-21 06:53:50,Sunita Kapoor,sunita.kapoor252@okicici,Bank of Baroda,Aanya Choudhury,aanya.choudhury601@ibl,Axis Bank,39716.41,P2P,Peer Transfer,BHIM,iOS,West Bengal,SUCCESS,,2024-04-21,6,6,4,2024,True,True,Very High,25,94002.77,3760.1108,7964.445795110774,14,133676.29,9548.30642857143,1,0,0.0007535275045884,0,1,1,2,Multiple Signals,0,0,0,0,30.0,Medium,2,No
UPI2026096537714388,2024-04-21 11:26:29,Amit Banerjee,amit.banerjee344@paytm,Kotak Mahindra Bank,Tanvi Deshmukh,tanvi.deshmukh810@apl,HDFC Bank,49675.76,P2P,Peer Transfer,Google Pay,Android,Rajasthan,SUCCESS,,2024-04-21,11,6,4,2024,True,True,Very High,25,152236.66,6089.4664,13387.897291577658,9,133111.67,14790.185555555558,1,1,-0.0244105186815931,0,1,1,3,All Methods,1,0,1,2,70.0,High,5,Yes
UPI2026098564406639,2024-04-21 11:45:03,Aadhya Kapoor,aadhya.kapoor640@paytm,Axis Bank,Reyansh Deshmukh,reyansh.deshmukh451@ibl,Bank of Baroda,15148.32,P2P,Peer Transfer,PhonePe,Android,Tamil Nadu,FAILED,BANK_SERVER_DOWN,2024-04-21,11,6,4,2024,True,True,Very High,22,117295.66,5331.62090909091,9008.307732086563,10,33431.94,3343.1940000000004,1,0,0.106255821960065,0,1,1,2,Multiple Signals,0,0,0,0,30.0,Medium,2,No
UPI2026091742688908,2024-04-21 15:12:48,Rahul Rao,rahul.rao120@okaxis,Canara Bank,Advik Joshi,advik.joshi55@paytm,HDFC Bank,23118.95,P2P,Peer Transfer,Google Pay,Android,Maharashtra,SUCCESS,,2024-04-21,15,6,4,2024,True,True,Very High,24,76482.71,3186.779583333333,5043.379805368169,9,125334.39,13926.043333333331,1,0,0.0335816513766674,0,1,1,2,Multiple Signals,0,0,0,0,30.0,Medium,2,No
UPI2026091904968362,2024-04-21 15:39:07,Shaurya Iyer,shaurya.iyer431@apl,Kotak Mahindra Bank,Dhruv Yadav,dhruv.yadav891@okhdfcbank,State Bank of India,32408.04,P2P,Peer Transfer,BHIM,Android,Gujarat,SUCCESS,,2024-04-21,15,6,4,2024,True,True,Very High,22,153196.29,6963.467727272728,10281.68540633755,9,70148.97,7794.33,1,0,0.0583520453970351,0,1,1,2,Multiple Signals,0,0,0,0,30.0,Medium,2,No
UPI2026092460250700,2024-04-21 21:50:06,Pooja Bhat,pooja.bhat801@ibl,Axis Bank,Shreya Agarwal,shreya.agarwal968@okhdfcbank,Axis Bank,13585.24,P2P,Peer Transfer,Paytm,Android,Uttar Pradesh,SUCCESS,,2024-04-21,21,6,4,2024,True,True,Very High,24,62900.07,2620.83625,3462.8866819773007,13,55717.05,4285.926923076923,1,0,0.0873724393539507,0,1,1,2,Multiple Signals,0,0,0,0,30.0,Medium,2,No
UPI2026098722159557,2024-04-22 03:35:08,Shaurya Menon,shaurya.menon462@upi,Bank of Baroda,Kabir Verma,kabir.verma13@ibl,ICICI Bank,2058.68,P2P,Peer Transfer,Google Pay,Android,Rajasthan,SUCCESS,,2024-04-22,3,0,4,2024,True,True,High,25,120478.1,4819.124,9182.966593792007,14,147634.35,10545.310714285715,0,1,-0.0307101603311052,0,0,0,1,Single Signal,1,0,1,2,40.0,Medium,3,No
UPI2026093219950504,2024-04-23 20:44:26,Pari Menon,pari.menon357@oksbi,Axis Bank,Dhruv Kulkarni,dhruv.kulkarni811@barodampay,IndusInd Bank,48948.7,P2P,Peer Transfer,Google Pay,Android,Delhi NCR,SUCCESS,,2024-04-23,20,1,4,2024,True,True,Very High,16,123719.1,7732.44375,15316.083868339572,11,72659.4,6605.4,1,1,-0.0161564591875452,0,0,0,2,Multiple Signals,1,1,1,3,70.0,High,5,Yes
UPI2026096048754200,2024-04-23 21:37:53,Advik Choudhury,advik.choudhury623@upi,ICICI Bank,Prisha Sharma,prisha.sharma749@okicici,Bank of Baroda,42043.66,P2P,Peer Transfer,Paytm,Android,Karnataka,SUCCESS,,2024-04-23,21,1,4,2024,True,True,Very High,29,113655.89,3919.168620689655,8058.0160741510435,10,106019.32,10601.932,1,1,-0.0307483580036791,0,0,0,2,Multiple Signals,1,0,1,2,55.0,Medium,4,No
UPI2026091084247273,2024-04-24 06:38:08,Pooja Mehta,pooja.mehta602@barodampay,HDFC Bank,Anvi Kapoor,anvi.kapoor949@paytm,Bank of Baroda,572.8,P2P,Peer Transfer,Google Pay,Android,Kerala,SUCCESS,,2024-04-24,6,2,4,2024,True,True,Medium,28,138714.71,4954.096785714285,11142.503293840764,4,57609.89,14402.4725,0,1,-0.0121510862075908,0,0,0,1,Single Signal,1,0,1,2,40.0,Medium,3,No
UPI2026091796527367,2024-04-24 23:22:50,Kabir Menon,kabir.menon613@upi,IndusInd Bank,Amazon Pay Merchant,amazonpaym@okicici,HDFC Bank,5274.52,P2M,Shopping,Amazon Pay,iOS,Uttar Pradesh,SUCCESS,,2024-04-24,23,2,4,2024,True,True,Very High,14,49530.02,3537.858571428572,5084.862841078649,32,197283.93,6165.1228125,0,1,-0.0003807689548404,0,0,0,1,Single Signal,1,1,1,3,55.0,Medium,4,No
UPI2026093983063724,2024-04-25 03:11:27,Kavya Mishra,kavya.mishra267@okhdfcbank,State Bank of India,BESCOM / Electricity Bill,bescomelec@barodampay,ICICI Bank,3471.67,P2M,Bills & Utilities,WhatsApp Pay,Android,Gujarat,SUCCESS,,2024-04-25,3,3,4,2024,True,True,High,15,90982.66,6065.510666666666,12254.160864898364,30,66860.39,2228.6796666666664,0,1,-0.0164715733280227,0,0,0,1,Single Signal,1,1,1,3,55.0,Medium,4,No
UPI2026098713284547,2024-04-26 04:46:41,Diya Gupta,diya.gupta518@apl,Punjab National Bank,Ritvik Agarwal,ritvik.agarwal776@apl,Axis Bank,517.06,P2P,Peer Transfer,CRED,iOS,Rajasthan,SUCCESS,,2024-04-26,4,4,4,2024,True,True,Medium,25,133990.56,5359.6224,9894.853394522528,8,87665.2,10958.15,0,1,-0.0007601793548387,0,0,0,1,Single Signal,1,1,0,2,40.0,Medium,3,No
UPI2026096599919239,2024-04-26 05:48:35,Reyansh Kapoor,reyansh.kapoor875@apl,State Bank of India,Amit Banerjee,amit.banerjee344@paytm,Kotak Mahindra Bank,28407.34,P2P,Peer Transfer,BHIM,Android,Rajasthan,SUCCESS,,2024-04-26,5,4,4,2024,True,True,Very High,30,151180.9,5039.363333333333,9175.391615074994,11,91755.57,8341.415454545453,1,1,-0.0025546292270026,0,0,0,2,Multiple Signals,1,0,0,1,40.0,Medium,3,No
UPI2026099869805865,2024-04-27 01:22:00,Kabir Verma,kabir.verma580@barodampay,ICICI Bank,Kabir Verma,kabir.verma13@ibl,ICICI Bank,493.46,P2P,Peer Transfer,PhonePe,Android,Gujarat,SUCCESS,,2024-04-27,1,5,4,2024,True,True,Low,14,107448.28,7674.877142857143,12166.429013119812,14,147634.35,10545.310714285715,0,1,-0.0483175772353073,0,0,0,1,Single Signal,1,1,1,3,55.0,Medium,4,No
UPI2026093323294549,2024-04-27 01:36:55,Aarav Gupta,aarav.gupta900@okicici,IndusInd Bank,Ritvik Reddy,ritvik.reddy450@barodampay,IndusInd Bank,49672.2,P2P,Peer Transfer,PhonePe,Android,Gujarat,SUCCESS,,2024-04-27,1,5,4,2024,True,True,Very High,26,127369.27,4898.818076923077,10606.865237373397,7,67418.48,9631.211428571429,1,1,-0.0075181086867626,0,0,0,2,Multiple Signals,1,0,1,2,55.0,Medium,4,No
UPI2026092821400851,2024-04-29 19:18:29,Isha Menon,isha.menon450@okicici,ICICI Bank,Aditya Banerjee,aditya.banerjee362@oksbi,Union Bank of India,25298.3,P2P,Peer Transfer,Paytm,Android,Gujarat,SUCCESS,,2024-04-29,19,0,4,2024,True,True,Very High,19,97559.7,5134.7210526315785,8532.760570737477,8,120824.96,15103.12,1,1,-0.0526665901901576,0,0,0,2,Multiple Signals,1,1,1,3,70.0,High,5,Yes
UPI2026092397729435,2024-04-30 02:56:19,Pari Menon,pari.menon357@oksbi,Axis Bank,Indian Oil Petrol Pump,indianoilp@apl,Bank of Baroda,2708.99,P2M,Fuel,Paytm,Android,Delhi NCR,SUCCESS,,2024-04-30,2,1,4,2024,True,True,High,16,123719.1,7732.44375,15316.083868339572,20,33544.03,1677.2015,0,1,-0.0223413313378076,0,0,0,1,Single Signal,1,1,0,2,40.0,Medium,3,No
UPI2026098435314586,2024-04-30 09:20:10,Deepak Mehta,deepak.mehta364@upi,Kotak Mahindra Bank,Sneha Nair,sneha.nair85@paytm,Union Bank of India,26715.98,P2P,Peer Transfer,Amazon Pay,Android,Karnataka,SUCCESS,,2024-04-30,9,1,4,2024,True,True,Very High,22,92920.26,4223.648181818182,6530.903333083583,9,105568.37,11729.818888888887,1,1,-0.0011361572053023,0,0,0,2,Multiple Signals,1,0,0,1,40.0,Medium,3,No
UPI2026094680934446,2024-04-30 21:09:39,Ishaan Kumar,ishaan.kumar563@ybl,ICICI Bank,Navya Mehta,navya.mehta673@okicici,Kotak Mahindra Bank,33362.59,P2P,Peer Transfer,PhonePe,Android,Karnataka,SUCCESS,,2024-04-30,21,1,4,2024,True,True,Very High,32,218609.16,6831.53625,11499.709856278632,9,92619.95,10291.105555555556,1,1,-0.0449219658643643,0,0,0,2,Multiple Signals,1,1,1,3,70.0,High,5,Yes
UPI2026091931927104,2024-04-30 23:53:06,Ishaan Kumar,ishaan.kumar563@ybl,ICICI Bank,Swiggy,swiggy@okaxis,Kotak Mahindra Bank,1383.66,P2M,Food & Dining,PhonePe,Android,Karnataka,SUCCESS,,2024-04-30,23,1,4,2024,True,True,Medium,32,218609.16,6831.53625,11499.709856278632,18,13951.35,775.075,0,1,-0.0369872495256085,0,0,0,1,Single Signal,1,1,1,3,55.0,Medium,4,No
UPI2026093157541923,2024-05-02 10:55:28,Pooja Yadav,pooja.yadav163@okicici,Punjab National Bank,Aditya Banerjee,aditya.banerjee362@oksbi,Union Bank of India,511.16,P2P,Peer Transfer,PhonePe,Android,Rajasthan,SUCCESS,,2024-05-02,10,3,5,2024,True,True,Medium,19,42826.45,2254.023684210526,2985.990976897528,8,120824.96,15103.12,0,1,-0.0014872579070398,0,0,0,1,Single Signal,1,1,0,2,40.0,Medium,3,No
UPI2026092736680302,2024-05-03 00:09:42,Sunita Gupta,sunita.gupta529@oksbi,Kotak Mahindra Bank,Starbucks,starbucks@upi,IndusInd Bank,971.36,P2M,Food & Dining,Google Pay,Android,Rajasthan,SUCCESS,,2024-05-03,0,4,5,2024,True,True,Medium,30,218098.6,7269.953333333334,12623.1232909662,26,23473.58,902.83,0,1,-0.0373741558316874,0,0,0,1,Single Signal,1,0,1,2,40.0,Medium,3,No
UPI2026097307575806,2024-05-03 23:50:55,Vihaan Singh,vihaan.singh433@ibl,Canara Bank,Isha Sharma,isha.sharma124@ibl,Kotak Mahindra Bank,48501.61,P2P,Peer Transfer,Google Pay,iOS,Karnataka,SUCCESS,,2024-05-03,23,4,5,2024,True,True,Very High,24,87593.79,3649.74125,9702.746354824678,10,133184.75,13318.475,1,1,-0.055394517674948,0,0,0,2,Multiple Signals,1,0,1,2,55.0,Medium,4,No
UPI2026098561993255,2024-05-05 09:47:44,Aadhya Sharma,aadhya.sharma409@ybl,Canara Bank,Amit Bhat,amit.bhat747@barodampay,Punjab National Bank,436.43,P2P,Peer Transfer,PhonePe,iOS,Uttar Pradesh,SUCCESS,,2024-05-05,9,6,5,2024,True,True,Low,25,171696.02000000002,6867.840800000001,14058.01821902152,6,61903.77,10317.295,0,1,-0.0501803549625192,0,0,0,1,Single Signal,1,1,1,3,55.0,Medium,4,No
UPI2026099826993893,2024-05-05 15:35:07,Pari Menon,pari.menon357@oksbi,Axis Bank,Rapido,rapido@oksbi,Canara Bank,615.55,P2M,Transportation,Google Pay,Android,Delhi NCR,SUCCESS,,2024-05-05,15,6,5,2024,True,True,Medium,16,123719.1,7732.44375,15316.083868339572,26,9572.17,368.1603846153846,0,1,-0.0052831869803374,0,0,0,1,Single Signal,1,1,0,2,40.0,Medium,3,No
UPI2026099629905323,2024-05-05 15:53:13,Vihaan Deshmukh,vihaan.deshmukh93@ybl,Canara Bank,Pari Pillai,pari.pillai213@oksbi,IndusInd Bank,33457.16,P2P,Peer Transfer,PhonePe,Android,Gujarat,SUCCESS,,2024-05-05,15,6,5,2024,True,True,Very High,17,151223.72,8895.51294117647,15636.4790740398,7,76101.17,10871.595714285711,1,1,-0.0179492209642754,0,0,0,2,Multiple Signals,1,0,1,2,55.0,Medium,4,No
UPI2026096778066464,2024-05-05 18:01:15,Arjun Deshmukh,arjun.deshmukh952@ibl,IndusInd Bank,Ananya Pandey,ananya.pandey830@okicici,HDFC Bank,44958.95,P2P,Peer Transfer,Paytm,Android,Telangana,SUCCESS,,2024-05-05,18,6,5,2024,True,True,Very High,23,130966.17,5694.181304347826,11191.60332944314,8,71207.95999999999,8900.994999999999,1,1,-5.9642304798601664e-05,0,0,0,2,Multiple Signals,1,0,0,1,40.0,Medium,3,No
UPI2026091499010108,2024-05-05 22:54:25,Vivaan Agarwal,vivaan.agarwal698@ybl,IndusInd Bank,Arjun Reddy,arjun.reddy833@barodampay,Union Bank of India,101.58,P2P,Peer Transfer,PhonePe,Android,Maharashtra,SUCCESS,,2024-05-05,22,6,5,2024,True,True,Low,16,166002.22,10375.13875,17755.55139783982,7,24879.93,3554.2757142857145,0,1,-0.0365514518324613,0,0,0,1,Single Signal,1,1,1,3,55.0,Medium,4,No
UPI2026098408939222,2024-05-06 23:29:11,Kavya Pandey,kavya.pandey438@okicici,Axis Bank,Aadhya Mehta,aadhya.mehta271@okaxis,Punjab National Bank,42337.9,P2P,Peer Transfer,Google Pay,Android,Kerala,SUCCESS,,2024-05-06,23,0,5,2024,True,True,Very High,21,76792.01000000001,3656.7623809523816,9164.399494814108,9,90037.3,10004.144444444444,1,1,-0.0138081271122538,0,0,0,2,Multiple Signals,1,0,1,2,55.0,Medium,4,No
UPI2026095365311243,2024-05-07 22:44:04,Sai Pandey,sai.pandey467@upi,Punjab National Bank,Prisha Das,prisha.das435@oksbi,Punjab National Bank,47862.51,P2P,Peer Transfer,PhonePe,iOS,Karnataka,SUCCESS,,2024-05-07,22,1,5,2024,True,True,Very High,12,95036.05,7919.670833333334,14659.785385950145,14,90879.24,6491.374285714286,1,1,-0.0097389153655303,0,0,0,2,Multiple Signals,1,1,1,3,70.0,High,5,Yes
UPI2026093463123230,2024-05-08 02:03:06,Reyansh Patel,reyansh.patel345@ybl,Kotak Mahindra Bank,Ritvik Deshmukh,ritvik.deshmukh704@barodampay,Canara Bank,40658.51,P2P,Peer Transfer,Paytm,Android,West Bengal,SUCCESS,,2024-05-08,2,2,5,2024,True,True,Very High,21,88093.73,4194.939523809524,8770.29905935338,11,117228.52,10657.138181818182,1,1,-0.0015982393465552,0,0,0,2,Multiple Signals,1,0,0,1,40.0,Medium,3,No
UPI2026099927036153,2024-05-08 19:46:49,Meera Singh,meera.singh472@upi,Axis Bank,Rohan Agarwal,rohan.agarwal600@ybl,Axis Bank,48319.72,P2P,Peer Transfer,PhonePe,Android,Kerala,SUCCESS,,2024-05-08,19,2,5,2024,True,True,Very High,21,176864.68,8422.127619047618,13197.263509726135,5,101699.61,20339.922,1,1,-0.0816189720663187,0,0,0,2,Multiple Signals,1,1,1,3,70.0,High,5,Yes
UPI2026094107593871,2024-05-09 13:04:46,Sunita Choudhury,sunita.choudhury84@okhdfcbank,Canara Bank,Rahul Gupta,rahul.gupta556@okaxis,ICICI Bank,8300.13,P2P,Peer Transfer,Paytm,Android,Kerala,SUCCESS,,2024-05-09,13,3,5,2024,True,True,Very High,18,95338.63,5296.590555555556,9991.100051332434,6,148783.68,24797.28,0,1,-0.0601123810026926,0,0,0,1,Single Signal,1,1,1,3,55.0,Medium,4,No
UPI2026091037811610,2024-05-09 21:28:45,Vivaan Agarwal,vivaan.agarwal698@ybl,IndusInd Bank,Local Kirana Store,localkiran@barodampay,IndusInd Bank,647.38,P2M,Groceries,BHIM,Android,Maharashtra,SUCCESS,,2024-05-09,21,3,5,2024,True,True,Medium,16,166002.22,10375.13875,17755.55139783982,33,37136.85,1125.3590909090908,0,1,-0.0179384450365174,0,0,0,1,Single Signal,1,1,0,2,40.0,Medium,3,No
UPI2026091539164138,2024-05-09 22:52:29,Arjun Mishra,arjun.mishra810@ybl,Punjab National Bank,Chiara Saxena,chiara.saxena654@barodampay,Axis Bank,9314.7,P2P,Peer Transfer,PhonePe,Android,Kerala,SUCCESS,,2024-05-09,22,3,5,2024,True,True,Very High,23,131234.44999999998,5705.845652173913,11891.0205034398,9,103487.01,11498.556666666667,1,1,-0.0207211391089362,0,0,0,2,Multiple Signals,1,0,0,1,40.0,Medium,3,No
UPI2026093108051856,2024-05-11 22:53:09,Ishaan Kumar,ishaan.kumar563@ybl,ICICI Bank,Flipkart,flipkart@oksbi,Kotak Mahindra Bank,8206.95,P2M,Shopping,Google Pay,Android,Karnataka,FAILED,INCORRECT_UPI_PIN,2024-05-11,22,5,5,2024,True,True,Very High,32,218609.16,6831.53625,11499.709856278632,29,121043.42,4173.911034482759,0,1,-0.0668052062877435,0,0,0,1,Single Signal,1,0,1,2,40.0,Medium,3,No
UPI2026093420234386,2024-05-11 23:23:08,Anjali Agarwal,anjali.agarwal67@okaxis,HDFC Bank,Ayaan Saxena,ayaan.saxena277@okicici,IndusInd Bank,39766.19,P2P,Peer Transfer,PhonePe,Android,Telangana,SUCCESS,,2024-05-11,23,5,5,2024,True,True,Very High,22,148659.6,6757.254545454546,11561.892576129128,7,53755.94,7679.42,1,1,-0.0229285510389015,0,0,0,2,Multiple Signals,1,0,1,2,55.0,Medium,4,No
UPI2026097500740793,2024-05-12 01:42:07,Anjali Mishra,anjali.mishra486@paytm,IndusInd Bank,Tanvi Verma,tanvi.verma920@paytm,Punjab National Bank,31679.1,P2P,Peer Transfer,Paytm,Android,Uttar Pradesh,SUCCESS,,2024-05-12,1,6,5,2024,True,True,Very High,28,120551.91,4305.425357142857,6561.695421815175,8,108001.85,13500.23125,1,1,-0.02086529072172,0,0,0,2,Multiple Signals,1,0,1,2,55.0,Medium,4,No
UPI2026094114532748,2024-05-12 21:00:41,Aaryan Chauhan,aaryan.chauhan341@okhdfcbank,ICICI Bank,Kavya Rao,kavya.rao28@ibl,Kotak Mahindra Bank,37819.62,P2P,Peer Transfer,Amazon Pay,Android,Uttar Pradesh,SUCCESS,,2024-05-12,21,6,5,2024,True,True,Very High,28,166171.28,5934.688571428572,10747.263077021817,8,53550.380000000005,6693.797500000001,1,1,-0.0330741515821553,0,0,0,2,Multiple Signals,1,0,1,2,55.0,Medium,4,No
UPI2026094807912159,2024-05-13 03:28:54,Kavya Rao,kavya.rao251@paytm,State Bank of India,Ayaan Verma,ayaan.verma254@paytm,IndusInd Bank,29352.36,P2P,Peer Transfer,PhonePe,Android,Telangana,SUCCESS,,2024-05-13,3,0,5,2024,True,True,Very High,21,80108.92,3814.710476190476,6728.01592581905,16,81985.34999999999,5124.084374999999,1,0,0.0319237720832057,1,0,1,2,Multiple Signals,0,0,1,1,40.0,Medium,3,No
UPI2026091230787567,2024-05-13 05:39:27,Neha Iyer,neha.iyer819@ybl,IndusInd Bank,Decathlon,decathlon@barodampay,ICICI Bank,9308.83,P2M,Shopping,PhonePe,iOS,Delhi NCR,SUCCESS,,2024-05-13,5,0,5,2024,True,True,Very High,15,45617.26,3041.150666666667,2836.7994541421062,19,112089.26,5899.434736842105,1,0,0.0500983440357873,1,0,1,2,Multiple Signals,0,0,0,0,30.0,Medium,2,No
UPI2026094063897771,2024-05-13 06:28:27,Kabir Pillai,kabir.pillai790@ybl,Punjab National Bank,Rohan Kulkarni,rohan.kulkarni621@okhdfcbank,HDFC Bank,36874.74,P2P,Peer Transfer,Paytm,iOS,Telangana,SUCCESS,,2024-05-13,6,0,5,2024,True,True,Very High,20,101813.91,5090.6955,10098.85624402949,10,104646.9,10464.69,1,0,0.0142589031815754,1,0,1,2,Multiple Signals,0,0,0,0,30.0,Medium,2,No
UPI2026094929396741,2024-05-13 10:12:51,Shreya Shah,shreya.shah679@upi,HDFC Bank,Aadhya Mehta,aadhya.mehta271@okaxis,Punjab National Bank,32100.77,P2P,Peer Transfer,Google Pay,Android,Rajasthan,SUCCESS,,2024-05-13,10,0,5,2024,True,True,Very High,27,78999.33,2925.901111111112,6181.9278447729785,9,90037.3,10004.144444444444,1,0,0.0040730303289476,1,0,1,2,Multiple Signals,0,0,0,0,30.0,Medium,2,No
UPI2026091966920934,2024-05-13 11:11:50,Vihaan Sharma,vihaan.sharma219@ybl,Axis Bank,Chiara Verma,chiara.verma221@paytm,Bank of Baroda,23782.13,P2P,Peer Transfer,PhonePe,Android,Tamil Nadu,FAILED,INSUFFICIENT_FUNDS,2024-05-13,11,0,5,2024,True,True,Very High,22,46467.1,2112.140909090909,4973.869852545026,12,68305.47,5692.1225,1,0,0.0471915844309752,1,0,1,2,Multiple Signals,0,0,0,0,30.0,Medium,2,No
UPI2026095912460173,2024-05-13 11:38:41,Isha Sharma,isha.sharma124@ibl,Kotak Mahindra Bank,Deepak Chatterjee,deepak.chatterjee229@barodampay,Kotak Mahindra Bank,33471.27,P2P,Peer Transfer,PhonePe,Android,Delhi NCR,SUCCESS,,2024-05-13,11,0,5,2024,True,True,Very High,22,158709.3,7214.059090909091,12134.250909590748,13,100509.85,7731.526923076923,1,1,-0.0192245282603478,1,0,1,3,All Methods,1,0,1,2,70.0,High,5,Yes
UPI2026091961143984,2024-05-13 14:23:08,Meera Singh,meera.singh472@upi,Axis Bank,Pari Pillai,pari.pillai213@oksbi,IndusInd Bank,822.0,P2P,Peer Transfer,Google Pay,Android,Kerala,SUCCESS,,2024-05-13,14,0,5,2024,True,True,Medium,21,176864.68,8422.127619047618,13197.263509726135,7,76101.17,10871.595714285711,0,1,-0.0865416918711188,1,0,1,2,Multiple Signals,1,1,1,3,70.0,High,5,Yes
UPI2026095715903364,2024-05-13 17:04:02,Rohan Kulkarni,rohan.kulkarni649@ibl,Punjab National Bank,Kabir Gupta,kabir.gupta609@paytm,Canara Bank,37393.93,P2P,Peer Transfer,PhonePe,iOS,Tamil Nadu,PENDING,AWAITING_BANK_CONFIRMATION,2024-05-13,17,0,5,2024,True,True,Very High,23,96894.92,4212.822608695652,7740.614438448679,8,51675.81,6459.47625,1,0,0.0310048338227824,1,0,1,2,Multiple Signals,0,0,0,0,30.0,Medium,2,No
UPI2026092422390028,2024-05-13 20:43:41,Deepak Chatterjee,deepak.chatterjee229@barodampay,Kotak Mahindra Bank,Arjun Reddy,arjun.reddy833@barodampay,Union Bank of India,12345.62,P2P,Peer Transfer,Paytm,iOS,West Bengal,SUCCESS,,2024-05-13,20,0,5,2024,True,True,Very High,17,65649.55,3861.7382352941177,5280.7128240799975,7,24879.93,3554.2757142857145,1,0,0.0794730609807103,1,0,1,2,Multiple Signals,0,0,0,0,30.0,Medium,2,No
UPI2026094178320107,2024-05-13 21:36:35,Vivaan Malhotra,vivaan.malhotra684@paytm,Kotak Mahindra Bank,Sunita Yadav,sunita.yadav222@barodampay,Axis Bank,9773.16,P2P,Peer Transfer,Google Pay,Android,Maharashtra,SUCCESS,,2024-05-13,21,0,5,2024,True,True,Very High,29,130569.6,4502.4,8235.562389340166,8,42224.15,5278.01875,1,0,0.0499108047393349,1,0,1,2,Multiple Signals,0,0,0,0,30.0,Medium,2,No
UPI2026097857163699,2024-05-13 22:01:04,Amit Kulkarni,amit.kulkarni644@ibl,State Bank of India,Myra Singh,myra.singh788@oksbi,Canara Bank,8893.37,P2P,Peer Transfer,PhonePe,iOS,Delhi NCR,PENDING,AWAITING_BANK_CONFIRMATION,2024-05-13,22,0,5,2024,True,True,Very High,28,94348.86,3369.602142857143,4988.11626732485,6,69509.76000000001,11584.96,1,0,0.0663786569443432,1,0,1,2,Multiple Signals,0,0,0,0,30.0,Medium,2,No
UPI2026099542363356,2024-05-14 00:02:07,Aditya Menon,aditya.menon480@upi,State Bank of India,Krishna Deshmukh,krishna.deshmukh496@upi,ICICI Bank,34653.7,P2P,Peer Transfer,Paytm,Android,Gujarat,SUCCESS,,2024-05-14,0,1,5,2024,True,True,Very High,22,195236.88,8874.403636363637,13646.56428523924,9,104257.03,11584.114444444444,1,1,-0.0371284456212382,0,0,0,2,Multiple Signals,1,0,1,2,55.0,Medium,4,No
UPI2026092516549608,2024-05-15 23:46:16,Vivaan Malhotra,vivaan.malhotra684@paytm,Kotak Mahindra Bank,Amazon Pay Merchant,amazonpaym@paytm,Canara Bank,8684.83,P2M,Shopping,BHIM,Android,Maharashtra,SUCCESS,,2024-05-15,23,2,5,2024,True,True,Very High,29,130569.6,4502.4,8235.562389340166,29,155794.66,5372.229655172414,1,1,-0.017778357821638,0,0,0,2,Multiple Signals,1,0,0,1,40.0,Medium,3,No
UPI2026091002280501,2024-05-17 01:48:49,Vivaan Malhotra,vivaan.malhotra684@paytm,Kotak Mahindra Bank,Pooja Nair,pooja.nair425@upi,HDFC Bank,211.29,P2P,Peer Transfer,PhonePe,Android,Maharashtra,SUCCESS,,2024-05-17,1,4,5,2024,True,True,Low,29,130569.6,4502.4,8235.562389340166,3,44183.28,14727.76,0,1,-0.0359112668780684,0,0,0,1,Single Signal,1,1,1,3,55.0,Medium,4,No
UPI2026098340087066,2024-05-17 06:12:15,Vivaan Agarwal,vivaan.agarwal698@ybl,IndusInd Bank,Aadhya Choudhury,aadhya.choudhury585@oksbi,Kotak Mahindra Bank,42758.27,P2P,Peer Transfer,Google Pay,Android,Maharashtra,SUCCESS,,2024-05-17,6,4,5,2024,True,True,Very High,16,166002.22,10375.13875,17755.55139783982,10,106791.79,10679.179,1,1,-0.085317976374046,0,0,0,2,Multiple Signals,1,1,1,3,70.0,High,5,Yes
UPI2026096245901617,2024-05-17 16:21:01,Reyansh Chauhan,reyansh.chauhan36@ybl,IndusInd Bank,Ritvik Mishra,ritvik.mishra621@apl,Kotak Mahindra Bank,34479.47,P2P,Peer Transfer,CRED,Android,Gujarat,SUCCESS,,2024-05-17,16,4,5,2024,True,True,Very High,17,100075.0,5886.764705882353,8190.48879008002,7,152070.07,21724.29571428572,1,1,-0.0525301868423552,0,0,0,2,Multiple Signals,1,1,1,3,70.0,High,5,Yes
UPI2026098777173938,2024-05-17 21:08:56,Vivaan Agarwal,vivaan.agarwal698@ybl,IndusInd Bank,Flipkart,flipkart@upi,IndusInd Bank,3711.51,P2M,Shopping,PhonePe,Android,Maharashtra,SUCCESS,,2024-05-17,21,4,5,2024,True,True,High,16,166002.22,10375.13875,17755.55139783982,21,103131.48,4911.022857142857,0,1,-0.0809398508179057,0,0,0,1,Single Signal,1,1,1,3,55.0,Medium,4,No
UPI2026096933723667,2024-05-18 04:09:34,Amit Nair,amit.nair56@okaxis,Bank of Baroda,Aaryan Agarwal,aaryan.agarwal485@barodampay,IndusInd Bank,40597.03,P2P,Peer Transfer,PhonePe,Android,Kerala,SUCCESS,,2024-05-18,4,5,5,2024,True,True,Very High,22,139868.22,6357.646363636363,12929.19930014397,9,142155.55,15795.06111111111,1,1,-0.0140774882112953,0,0,0,2,Multiple Signals,1,0,0,1,40.0,Medium,3,No
UPI2026094969115197,2024-05-18 05:17:06,Aarav Gupta,aarav.gupta900@okicici,IndusInd Bank,Amazon Pay Merchant,amazonpaym@okicici,ICICI Bank,2531.47,P2M,Shopping,Google Pay,Android,Gujarat,SUCCESS,,2024-05-18,5,5,5,2024,True,True,High,26,127369.27,4898.818076923077,10606.865237373397,32,197283.93,6165.1228125,0,1,-0.0277341020199716,0,0,0,1,Single Signal,1,0,1,2,40.0,Medium,3,No
UPI2026094732365917,2024-05-19 02:03:58,Arjun Kumar,arjun.kumar768@okhdfcbank,State Bank of India,Amazon Pay Merchant,amazonpaym@okicici,ICICI Bank,9590.23,P2M,Shopping,PhonePe,iOS,Rajasthan,FAILED,INSUFFICIENT_FUNDS,2024-05-19,2,6,5,2024,True,True,Very High,29,83086.70999999999,2865.058965517241,5782.128913585094,32,197283.93,6165.1228125,1,1,-0.0280504007467924,0,0,0,2,Multiple Signals,1,0,1,2,55.0,Medium,4,No
UPI2026095671505977,2024-05-20 14:25:48,Advik Verma,advik.verma820@okaxis,HDFC Bank,Vivaan Patel,vivaan.patel977@paytm,Union Bank of India,21487.49,P2P,Peer Transfer,Google Pay,Android,Telangana,SUCCESS,,2024-05-20,14,0,5,2024,True,True,Very High,18,134840.6,7491.144444444445,12045.45230422826,11,114367.77,10397.07,1,1,-0.0256740282416111,0,0,0,2,Multiple Signals,1,1,0,2,55.0,Medium,4,No
UPI2026094196187063,2024-05-20 21:14:59,Vihaan Menon,vihaan.menon331@okhdfcbank,HDFC Bank,Aaryan Agarwal,aaryan.agarwal485@barodampay,IndusInd Bank,35627.01,P2P,Peer Transfer,BHIM,iOS,Kerala,SUCCESS,,2024-05-20,21,0,5,2024,True,True,Very High,17,100788.15,5928.714705882354,13379.222383855647,9,142155.55,15795.06111111111,1,1,-0.0435823110064294,0,0,0,2,Multiple Signals,1,0,1,2,55.0,Medium,4,No
UPI2026094084297244,2024-05-22 00:51:29,Sunita Gupta,sunita.gupta529@oksbi,Kotak Mahindra Bank,Ananya Chauhan,ananya.chauhan575@okicici,Bank of Baroda,503.48,P2P,Peer Transfer,Google Pay,Android,Rajasthan,SUCCESS,,2024-05-22,0,2,5,2024,True,True,Medium,30,218098.6,7269.953333333334,12623.1232909662,7,124772.86,17824.694285714286,0,1,-0.1006166072465202,0,0,0,1,Single Signal,1,1,1,3,55.0,Medium,4,No
UPI2026093170137829,2024-05-22 03:18:10,Isha Sharma,isha.sharma124@ibl,Kotak Mahindra Bank,Pari Pillai,pari.pillai213@oksbi,IndusInd Bank,4190.26,P2P,Peer Transfer,PhonePe,Android,Delhi NCR,SUCCESS,,2024-05-22,3,2,5,2024,True,True,High,22,158709.3,7214.059090909091,12134.250909590748,7,76101.17,10871.595714285711,0,1,-0.0261477165935571,0,0,0,1,Single Signal,1,1,1,3,55.0,Medium,4,No
UPI2026094006965433,2024-05-22 10:05:33,Amit Banerjee,amit.banerjee344@paytm,Kotak Mahindra Bank,Anvi Patel,anvi.patel490@apl,Kotak Mahindra Bank,47464.86,P2P,Peer Transfer,BHIM,Android,Rajasthan,SUCCESS,,2024-05-22,10,2,5,2024,True,True,Very High,25,152236.66,6089.4664,13387.897291577658,6,89474.41,14912.401666666668,1,1,-0.0231727230802175,0,0,0,2,Multiple Signals,1,0,1,2,55.0,Medium,4,No
UPI2026093566545735,2024-05-23 22:03:14,Dhruv Iyer,dhruv.iyer128@paytm,Union Bank of India,Aditya Singh,aditya.singh620@paytm,Punjab National Bank,21836.54,P2P,Peer Transfer,PhonePe,Android,Maharashtra,SUCCESS,,2024-05-23,22,3,5,2024,True,True,Very High,17,131257.28,7721.016470588235,11410.540862263571,10,118701.17,11870.117,1,1,-0.045379293708099,0,0,0,2,Multiple Signals,1,1,0,2,55.0,Medium,4,No
UPI2026098624277739,2024-05-24 02:40:23,Isha Sharma,isha.sharma124@ibl,Kotak Mahindra Bank,Rohan Kulkarni,rohan.kulkarni621@okhdfcbank,HDFC Bank,8244.39,P2P,Peer Transfer,PhonePe,Android,Delhi NCR,PENDING,AWAITING_BANK_CONFIRMATION,2024-05-24,2,4,5,2024,True,True,Very High,22,158709.3,7214.059090909091,12134.250909590748,10,104646.9,10464.69,0,1,-0.0297829363619186,0,0,0,1,Single Signal,1,1,0,2,40.0,Medium,3,No
UPI2026094913997513,2024-05-24 03:28:02,Ishaan Kumar,ishaan.kumar563@ybl,ICICI Bank,Prisha Sharma,prisha.sharma749@okicici,Bank of Baroda,4317.03,P2P,Peer Transfer,PhonePe,Android,Karnataka,SUCCESS,,2024-05-24,3,4,5,2024,True,True,High,32,218609.16,6831.53625,11499.709856278632,10,106019.32,10601.932,0,1,-0.0777755955090319,0,0,0,1,Single Signal,1,1,1,3,55.0,Medium,4,No
UPI2026095324885196,2024-05-24 11:53:40,Aditya Menon,aditya.menon480@upi,State Bank of India,Kavya Patel,kavya.patel881@okicici,State Bank of India,40625.48,P2P,Peer Transfer,Amazon Pay,Android,Gujarat,SUCCESS,,2024-05-24,11,4,5,2024,True,True,Very High,22,195236.88,8874.403636363637,13646.56428523924,5,64246.0,12849.2,1,1,-0.0513945856135441,0,0,0,2,Multiple Signals,1,0,1,2,55.0,Medium,4,No
UPI2026093835757057,2024-05-24 23:12:18,Aarav Kapoor,aarav.kapoor120@paytm,ICICI Bank,Amazon Pay Merchant,amazonpaym@paytm,Axis Bank,1402.94,P2M,Shopping,PhonePe,Android,Uttar Pradesh,SUCCESS,,2024-05-24,23,4,5,2024,True,True,Medium,20,81188.89000000001,4059.444500000001,8852.493482701848,29,155794.66,5372.229655172414,0,1,-0.0075047445908885,0,0,0,1,Single Signal,1,0,1,2,40.0,Medium,3,No
UPI2026097496300787,2024-05-26 03:23:12,Sunita Gupta,sunita.gupta529@oksbi,Kotak Mahindra Bank,Shreya Iyer,shreya.iyer176@paytm,IndusInd Bank,2262.55,P2P,Peer Transfer,WhatsApp Pay,Android,Rajasthan,SUCCESS,,2024-05-26,3,6,5,2024,True,True,High,30,218098.6,7269.953333333334,12623.1232909662,6,11220.28,1870.0466666666664,0,1,-0.0352238838792851,0,1,1,2,Multiple Signals,1,0,1,2,55.0,Medium,4,No
UPI2026098063629829,2024-05-26 10:10:21,Reyansh Mehta,reyansh.mehta456@barodampay,Bank of Baroda,Neha Menon,neha.menon168@paytm,State Bank of India,43328.27,P2P,Peer Transfer,PhonePe,Android,Rajasthan,SUCCESS,,2024-05-26,10,6,5,2024,True,True,Very High,19,135876.11000000002,7151.374210526316,11859.52415572504,8,126412.99,15801.62375,1,1,-0.0377348433301168,0,1,1,3,All Methods,1,0,0,1,55.0,Medium,4,No
UPI2026095722649265,2024-05-26 18:25:13,Deepak Patel,deepak.patel364@apl,Kotak Mahindra Bank,Amit Mishra,amit.mishra548@paytm,Punjab National Bank,9900.23,P2P,Peer Transfer,Google Pay,iOS,West Bengal,SUCCESS,,2024-05-26,18,6,5,2024,True,True,Very High,12,47044.75,3920.3958333333335,6213.83713668785,5,22048.74,4409.748,1,0,0.1041287260720927,0,1,1,2,Multiple Signals,0,0,0,0,30.0,Medium,2,No
UPI2026091628807355,2024-05-26 20:25:35,Advik Mehta,advik.mehta295@upi,Kotak Mahindra Bank,Reyansh Verma,reyansh.verma677@upi,HDFC Bank,9698.66,P2P,Peer Transfer,Paytm,Android,Delhi NCR,SUCCESS,,2024-05-26,20,6,5,2024,True,True,Very High,19,40905.99,2152.946842105263,3069.756880740906,9,95894.01,10654.89,1,0,0.0584716403152724,0,1,1,2,Multiple Signals,0,0,0,0,30.0,Medium,2,No
UPI2026091162975456,2024-05-27 09:13:28,Anjali Mishra,anjali.mishra486@paytm,IndusInd Bank,Aditya Malhotra,aditya.malhotra894@okhdfcbank,State Bank of India,9510.34,P2P,Peer Transfer,Google Pay,Android,Uttar Pradesh,SUCCESS,,2024-05-27,9,0,5,2024,True,True,Very High,28,120551.91,4305.425357142857,6561.695421815175,11,145369.18,13215.38,1,1,-0.0142888416070583,0,0,0,2,Multiple Signals,1,0,0,1,40.0,Medium,3,No
UPI2026096580814303,2024-05-28 19:00:40,Ishaan Kumar,ishaan.kumar563@ybl,ICICI Bank,Hotstar,hotstar@barodampay,Bank of Baroda,1498.49,P2M,Entertainment,BHIM,Android,Karnataka,SUCCESS,,2024-05-28,19,1,5,2024,True,True,Medium,32,218609.16,6831.53625,11499.709856278632,17,15267.49,898.0876470588236,0,1,-0.0253766629084546,0,0,0,1,Single Signal,1,1,1,3,55.0,Medium,4,No
UPI2026091136913573,2024-05-29 02:27:59,Kabir Pandey,kabir.pandey562@apl,Canara Bank,Ananya Pandey,ananya.pandey239@oksbi,Axis Bank,9472.73,P2P,Peer Transfer,PhonePe,iOS,Karnataka,SUCCESS,,2024-05-29,2,2,5,2024,True,True,Very High,24,117625.68,4901.07,6441.442797272241,15,151829.86,10121.990666666668,1,1,-0.0001276871131281,0,0,0,2,Multiple Signals,1,0,0,1,40.0,Medium,3,No
UPI2026095530633298,2024-05-29 14:59:29,Aadhya Mehta,aadhya.mehta467@ybl,Punjab National Bank,Aanya Menon,aanya.menon435@okicici,Axis Bank,48841.78,P2P,Peer Transfer,PhonePe,iOS,Uttar Pradesh,FAILED,NETWORK_TIMEOUT,2024-05-29,14,2,5,2024,True,True,Very High,22,98796.39,4490.745,10402.984068842825,9,155248.63,17249.847777777777,1,1,-0.0009176078492489,0,0,0,2,Multiple Signals,1,0,0,1,40.0,Medium,3,No
UPI2026097947683905,2024-05-29 22:47:22,Anjali Bhat,anjali.bhat144@barodampay,Bank of Baroda,Arjun Deshmukh,arjun.deshmukh892@okaxis,Bank of Baroda,495.73,P2P,Peer Transfer,Google Pay,iOS,Tamil Nadu,SUCCESS,,2024-05-29,22,2,5,2024,True,True,Low,28,135266.91999999998,4830.961428571428,8614.206443774623,7,66533.37,9504.767142857145,0,1,-0.0130033421062076,0,0,0,1,Single Signal,1,0,1,2,40.0,Medium,3,No
UPI2026095052367171,2024-05-30 20:20:18,Advaith Mehta,advaith.mehta990@okicici,Canara Bank,Sunita Joshi,sunita.joshi306@ibl,State Bank of India,3767.85,P2P,Peer Transfer,PhonePe,Android,Tamil Nadu,SUCCESS,,2024-05-30,20,3,5,2024,True,True,High,21,194601.94,9266.759047619047,15140.3660864171,5,6434.91,1286.982,0,1,-0.035031086318349,0,0,0,1,Single Signal,1,1,1,3,55.0,Medium,4,No
UPI2026098150485169,2024-05-31 03:09:07,Krishna Deshmukh,krishna.deshmukh729@upi,State Bank of India,Ananya Pandey,ananya.pandey239@oksbi,Axis Bank,971.23,P2P,Peer Transfer,Google Pay,Android,Gujarat,SUCCESS,,2024-05-31,3,4,5,2024,True,True,Medium,24,81351.71,3389.654583333333,6103.089798871288,15,151829.86,10121.990666666668,0,1,-0.0043736950030961,0,0,0,1,Single Signal,1,0,1,2,40.0,Medium,3,No
UPI2026096498654148,2024-05-31 14:49:55,Shaurya Iyer,shaurya.iyer431@apl,Kotak Mahindra Bank,Rahul Gupta,rahul.gupta556@okaxis,ICICI Bank,983.63,P2P,Peer Transfer,PhonePe,iOS,Gujarat,SUCCESS,,2024-05-31,14,4,5,2024,True,True,Medium,22,153196.29,6963.467727272728,10281.68540633755,6,148783.68,24797.28,0,1,-0.070223652309514,0,0,0,1,Single Signal,1,1,1,3,55.0,Medium,4,No
UPI2026092715834111,2024-05-31 21:29:38,Vivaan Agarwal,vivaan.agarwal698@ybl,IndusInd Bank,BESCOM / Electricity Bill,bescomelec@paytm,Bank of Baroda,651.08,P2M,Bills & Utilities,PhonePe,Android,Maharashtra,SUCCESS,,2024-05-31,21,4,5,2024,True,True,Medium,16,166002.22,10375.13875,17755.55139783982,23,49933.28,2171.012173913044,0,1,-0.0519050716137007,0,0,0,1,Single Signal,1,1,1,3,55.0,Medium,4,No
UPI2026096171613089,2024-06-01 00:15:18,Vivaan Agarwal,vivaan.agarwal698@ybl,IndusInd Bank,Hotstar,hotstar@barodampay,Kotak Mahindra Bank,527.63,P2M,Entertainment,PhonePe,Android,Maharashtra,FAILED,INSUFFICIENT_FUNDS,2024-06-01,0,5,6,2024,True,True,Medium,16,166002.22,10375.13875,17755.55139783982,17,15267.49,898.0876470588236,0,1,-0.0483694500867727,0,0,0,1,Single Signal,1,0,1,2,40.0,Medium,3,No
UPI2026097504201869,2024-06-01 04:39:44,Pooja Mehta,pooja.mehta602@barodampay,HDFC Bank,Vihaan Chauhan,vihaan.chauhan989@upi,Union Bank of India,41319.05,P2P,Peer Transfer,Google Pay,Android,Kerala,SUCCESS,,2024-06-01,4,5,6,2024,True,True,Very High,28,138714.71,4954.096785714285,11142.503293840764,7,101271.0,14467.285714285714,1,1,-0.0256055424960847,0,0,0,2,Multiple Signals,1,0,0,1,40.0,Medium,3,No
UPI2026098230865707,2024-06-01 09:04:11,Ishaan Kumar,ishaan.kumar563@ybl,ICICI Bank,Myra Verma,myra.verma40@oksbi,Axis Bank,912.98,P2P,Peer Transfer,PhonePe,Android,Karnataka,SUCCESS,,2024-06-01,9,5,6,2024,True,True,Medium,32,218609.16,6831.53625,11499.709856278632,9,31079.83,3453.3144444444447,0,1,-0.0222779569445764,0,0,0,1,Single Signal,1,0,1,2,40.0,Medium,3,No
UPI2026098500228243,2024-06-02 09:15:03,Aditya Menon,aditya.menon480@upi,State Bank of India,Medplus,medplus@okhdfcbank,Union Bank of India,3851.88,P2M,Healthcare,Paytm,Android,Gujarat,SUCCESS,,2024-06-02,9,6,6,2024,True,True,High,22,195236.88,8874.403636363637,13646.56428523924,26,66188.47,2545.710384615385,0,1,-0.0448762640886498,0,0,0,1,Single Signal,1,1,0,2,40.0,Medium,3,No
UPI2026092211030249,2024-06-02 19:25:42,Aarav Gupta,aarav.gupta900@okicici,IndusInd Bank,Amit Malhotra,amit.malhotra720@ybl,HDFC Bank,8719.51,P2P,Peer Transfer,PhonePe,Android,Gujarat,SUCCESS,,2024-06-02,19,6,6,2024,True,True,Very High,26,127369.27,4898.818076923077,10606.865237373397,9,63354.01,7039.334444444444,1,1,-0.0004303641091668,0,0,0,2,Multiple Signals,1,0,0,1,40.0,Medium,3,No
UPI2026091166384867,2024-06-02 22:20:13,Navya Pillai,navya.pillai245@upi,Union Bank of India,Rohan Kulkarni,rohan.kulkarni649@ibl,Punjab National Bank,48037.85,P2P,Peer Transfer,Google Pay,Android,Telangana,SUCCESS,,2024-06-02,22,6,6,2024,True,True,Very High,19,98675.11,5193.426842105263,11125.46295330224,11,130164.73,11833.157272727274,1,1,-0.0443512198292915,0,0,0,2,Multiple Signals,1,0,1,2,55.0,Medium,4,No
UPI2026098193471406,2024-06-03 00:40:30,Sunita Kapoor,sunita.kapoor252@okicici,Bank of Baroda,Aditya Malhotra,aditya.malhotra894@okhdfcbank,State Bank of India,570.22,P2P,Peer Transfer,PhonePe,Android,West Bengal,SUCCESS,,2024-06-03,0,0,6,2024,True,True,Medium,25,94002.77,3760.1108,7964.445795110774,11,145369.18,13215.38,0,1,-0.0232860207275857,0,0,0,1,Single Signal,1,0,1,2,40.0,Medium,3,No
UPI2026099946258284,2024-06-03 02:23:05,Aaryan Mehta,aaryan.mehta61@upi,Axis Bank,Krishna Verma,krishna.verma370@upi,Punjab National Bank,35359.6,P2P,Peer Transfer,PhonePe,Android,Delhi NCR,SUCCESS,,2024-06-03,2,0,6,2024,True,True,Very High,18,106493.31,5916.295,11024.56342334764,10,193165.06,19316.506,1,1,-0.0541633634769046,0,0,0,2,Multiple Signals,1,0,1,2,55.0,Medium,4,No
UPI2026094589037269,2024-06-03 03:32:29,Sunita Gupta,sunita.gupta529@oksbi,Kotak Mahindra Bank,Rapido,rapido@paytm,Axis Bank,448.14,P2M,Transportation,PhonePe,Android,Rajasthan,SUCCESS,,2024-06-03,3,0,6,2024,True,True,Low,30,218098.6,7269.953333333334,12623.1232909662,30,11698.39,389.9463333333333,0,1,-0.0625053630847982,0,0,0,1,Single Signal,1,1,1,3,55.0,Medium,4,No
UPI2026098952272688,2024-06-03 04:54:14,Priya Kapoor,priya.kapoor714@okhdfcbank,IndusInd Bank,Ritvik Agarwal,ritvik.agarwal828@okaxis,IndusInd Bank,1459.84,P2P,Peer Transfer,Google Pay,Android,West Bengal,SUCCESS,,2024-06-03,4,0,6,2024,True,True,Medium,22,92598.2,4209.009090909091,9683.160534398,6,96836.95,16139.491666666669,0,1,-0.0369811154080408,0,0,0,1,Single Signal,1,1,1,3,55.0,Medium,4,No
UPI2026094179927866,2024-06-03 05:02:09,Tanvi Kumar,tanvi.kumar788@oksbi,ICICI Bank,Aarav Kapoor,aarav.kapoor120@paytm,ICICI Bank,11926.15,P2P,Peer Transfer,PhonePe,Android,West Bengal,SUCCESS,,2024-06-03,5,0,6,2024,True,True,Very High,18,111630.55,6201.697222222222,11092.613821890567,14,117658.68,8404.191428571428,1,1,-0.0073745093236962,0,0,0,2,Multiple Signals,1,0,0,1,40.0,Medium,3,No
UPI2026098409806157,2024-06-03 10:53:28,Isha Sharma,isha.sharma124@ibl,Kotak Mahindra Bank,Arjun Pandey,arjun.pandey567@upi,Union Bank of India,1273.02,P2P,Peer Transfer,Google Pay,Android,Delhi NCR,SUCCESS,,2024-06-03,10,0,6,2024,True,True,Medium,22,158709.3,7214.059090909091,12134.250909590748,7,61537.9,8791.128571428571,0,1,-0.0265930085758527,0,0,0,1,Single Signal,1,1,0,2,40.0,Medium,3,No
UPI2026093703539681,2024-06-03 17:12:13,Sai Saxena,sai.saxena532@apl,HDFC Bank,Tanvi Deshmukh,tanvi.deshmukh810@apl,HDFC Bank,8373.44,P2P,Peer Transfer,Google Pay,Android,West Bengal,SUCCESS,,2024-06-03,17,0,6,2024,True,True,Very High,22,39734.22,1806.1009090909088,2444.2654190202384,9,133111.67,14790.185555555558,1,1,-0.0197924812358128,0,0,0,2,Multiple Signals,1,0,1,2,55.0,Medium,4,No
UPI2026094789472538,2024-06-03 19:52:17,Chiara Mehta,chiara.mehta469@barodampay,Kotak Mahindra Bank,Kabir Verma,kabir.verma13@ibl,ICICI Bank,366.65,P2P,Peer Transfer,Google Pay,iOS,Maharashtra,SUCCESS,,2024-06-03,19,0,6,2024,True,True,Low,21,124332.73,5920.60619047619,11379.14645435477,14,147634.35,10545.310714285715,0,1,-0.0452286793450128,0,0,0,1,Single Signal,1,1,1,3,55.0,Medium,4,No
UPI2026098917134040,2024-06-03 22:30:25,Anjali Choudhury,anjali.choudhury553@okhdfcbank,IndusInd Bank,Aarav Rao,aarav.rao315@paytm,Bank of Baroda,44796.49,P2P,Peer Transfer,Amazon Pay,Android,Telangana,SUCCESS,,2024-06-03,22,0,6,2024,True,True,Very High,26,102067.54,3925.674615384615,8711.959737543893,3,67743.8,22581.266666666663,1,1,-0.0547612325162203,0,0,0,2,Multiple Signals,1,1,1,3,70.0,High,5,Yes
UPI2026093396741601,2024-06-04 05:34:51,Vihaan Kumar,vihaan.kumar769@paytm,Union Bank of India,Kabir Verma,kabir.verma13@ibl,ICICI Bank,956.53,P2P,Peer Transfer,Google Pay,Android,Karnataka,SUCCESS,,2024-06-04,5,1,6,2024,True,True,Medium,20,101739.58,5086.979,11241.15194498364,14,147634.35,10545.310714285715,0,1,-0.0028358043857489,0,0,0,1,Single Signal,1,0,1,2,40.0,Medium,3,No
UPI2026098239920538,2024-06-04 22:46:44,Vihaan Deshmukh,vihaan.deshmukh93@ybl,Canara Bank,Dhruv Kumar,dhruv.kumar262@upi,Union Bank of India,47144.64,P2P,Peer Transfer,PhonePe,iOS,Gujarat,SUCCESS,,2024-06-04,22,1,6,2024,True,True,Very High,17,151223.72,8895.51294117647,15636.4790740398,9,184945.18,20549.46444444444,1,1,-0.1085135056242363,0,0,0,2,Multiple Signals,1,1,1,3,70.0,High,5,Yes
UPI2026095329118437,2024-06-05 10:42:37,Aadhya Sharma,aadhya.sharma409@ybl,Canara Bank,BigBasket,bigbasket@barodampay,Kotak Mahindra Bank,660.91,P2M,Groceries,PhonePe,iOS,Uttar Pradesh,SUCCESS,,2024-06-05,10,2,6,2024,True,True,Medium,25,171696.02000000002,6867.840800000001,14058.01821902152,39,43748.8,1121.7641025641026,0,1,-0.0387959230437358,0,0,0,1,Single Signal,1,1,1,3,55.0,Medium,4,No
UPI2026097798382252,2024-06-05 13:55:16,Aaryan Chauhan,aaryan.chauhan341@okhdfcbank,ICICI Bank,Sneha Nair,sneha.nair85@paytm,Union Bank of India,528.64,P2P,Peer Transfer,Google Pay,Android,Uttar Pradesh,SUCCESS,,2024-06-05,13,2,6,2024,True,True,Medium,28,166171.28,5934.688571428572,10747.263077021817,9,105568.37,11729.818888888887,0,1,-0.0461046775141581,0,0,0,1,Single Signal,1,1,1,3,55.0,Medium,4,No
UPI2026098170092009,2024-06-06 14:44:54,Advaith Mehta,advaith.mehta990@okicici,Canara Bank,Decathlon,decathlon@ibl,Canara Bank,9565.55,P2M,Shopping,PhonePe,iOS,Tamil Nadu,SUCCESS,,2024-06-06,14,3,6,2024,True,True,Very High,21,194601.94,9266.759047619047,15140.3660864171,16,61525.55,3845.346875,1,1,-0.0442402218871186,0,0,0,2,Multiple Signals,1,0,0,1,40.0,Medium,3,No
UPI2026091215092803,2024-06-06 21:41:09,Advik Joshi,advik.joshi55@paytm,HDFC Bank,Deepak Patel,deepak.patel364@apl,Kotak Mahindra Bank,805.56,P2P,Peer Transfer,Paytm,Android,Rajasthan,SUCCESS,,2024-06-06,21,3,6,2024,True,True,Medium,22,123848.63,5629.483181818182,9257.059759624586,14,130141.34,9295.81,0,1,-0.0235696541842107,0,0,0,1,Single Signal,1,1,0,2,40.0,Medium,3,No
UPI2026097710690789,2024-06-06 23:45:31,Advik Pandey,advik.pandey380@barodampay,Canara Bank,Anvi Patel,anvi.patel490@apl,Kotak Mahindra Bank,37216.56,P2P,Peer Transfer,Paytm,Android,West Bengal,SUCCESS,,2024-06-06,23,3,6,2024,True,True,Very High,18,75797.45,4210.969444444444,9122.718056910884,6,89474.41,14912.401666666668,1,1,-0.0093307191695964,0,0,0,2,Multiple Signals,1,0,0,1,40.0,Medium,3,No
UPI2026097766618815,2024-06-07 11:32:53,Vivaan Malhotra,vivaan.malhotra684@paytm,Kotak Mahindra Bank,Decathlon,decathlon@upi,IndusInd Bank,9452.8,P2M,Shopping,BHIM,Android,Maharashtra,SUCCESS,,2024-06-07,11,4,6,2024,True,True,Very High,29,130569.6,4502.4,8235.562389340166,26,134459.29,5171.511153846154,1,1,-0.0230651312226345,0,0,0,2,Multiple Signals,1,0,0,1,40.0,Medium,3,No
UPI2026091054508854,2024-06-08 01:33:17,Sai Saxena,sai.saxena532@apl,HDFC Bank,Myntra,myntra@ibl,Union Bank of India,2956.94,P2M,Shopping,BHIM,Android,West Bengal,SUCCESS,,2024-06-08,1,5,6,2024,True,True,High,22,39734.22,1806.1009090909088,2444.2654190202384,32,141082.73,4408.8353125,0,1,-0.024064147576689,0,0,0,1,Single Signal,1,0,1,2,40.0,Medium,3,No
UPI2026092399522129,2024-06-08 06:20:27,Sai Banerjee,sai.banerjee683@barodampay,IndusInd Bank,Aaryan Agarwal,aaryan.agarwal485@barodampay,IndusInd Bank,26824.44,P2P,Peer Transfer,Google Pay,Android,Rajasthan,SUCCESS,,2024-06-08,6,5,6,2024,True,True,Very High,19,86466.14,4550.84947368421,8381.371258682007,9,142155.55,15795.06111111111,1,1,-0.0182302773545647,0,0,0,2,Multiple Signals,1,0,0,1,40.0,Medium,3,No
UPI2026092729067297,2024-06-08 17:31:33,Deepak Iyer,deepak.iyer833@apl,Union Bank of India,Aanya Menon,aanya.menon435@okicici,Axis Bank,43533.23,P2P,Peer Transfer,PhonePe,Android,West Bengal,SUCCESS,,2024-06-08,17,5,6,2024,True,True,Very High,23,150547.09,6545.525652173913,12276.221064478055,9,155248.63,17249.847777777777,1,1,-0.0605664492699123,0,0,0,2,Multiple Signals,1,0,1,2,55.0,Medium,4,No
UPI2026094802656429,2024-06-08 20:17:52,Arjun Kulkarni,arjun.kulkarni894@oksbi,IndusInd Bank,Shreya Saxena,shreya.saxena975@upi,Punjab National Bank,41505.7,P2P,Peer Transfer,PhonePe,Android,Kerala,SUCCESS,,2024-06-08,20,5,6,2024,True,True,Very High,19,165702.23,8721.17,12696.81049241808,6,45896.73,7649.454999999999,1,1,-0.0018622840471187,0,0,0,2,Multiple Signals,1,0,1,2,55.0,Medium,4,No
UPI2026092106565172,2024-06-09 00:26:23,Ananya Chauhan,ananya.chauhan575@okicici,Bank of Baroda,Myntra,myntra@okaxis,Canara Bank,9070.71,P2M,Shopping,PhonePe,Android,Tamil Nadu,FAILED,NETWORK_TIMEOUT,2024-06-09,0,6,6,2024,True,True,Very High,23,125810.1,5470.004347826087,10461.430796589671,27,159586.67,5910.617407407408,1,1,-0.0236473693794757,0,0,0,2,Multiple Signals,1,0,1,2,55.0,Medium,4,No
UPI2026095582791527,2024-06-09 01:55:51,Krishna Menon,krishna.menon114@upi,State Bank of India,Pooja Mehta,pooja.mehta602@barodampay,HDFC Bank,24968.98,P2P,Peer Transfer,PhonePe,Android,Kerala,SUCCESS,,2024-06-09,1,6,6,2024,True,True,Very High,27,138172.2,5117.488888888889,9649.667638612196,5,27958.54,5591.708,1,1,-0.0293910559406348,0,0,0,2,Multiple Signals,1,1,1,3,70.0,High,5,Yes
UPI2026096758924930,2024-06-09 06:13:40,Sunita Gupta,sunita.gupta529@oksbi,Kotak Mahindra Bank,Darsh Agarwal,darsh.agarwal305@okaxis,Canara Bank,568.95,P2P,Peer Transfer,PhonePe,Android,Rajasthan,SUCCESS,,2024-06-09,6,6,6,2024,True,True,Medium,30,218098.6,7269.953333333334,12623.1232909662,7,17190.64,2455.805714285714,0,1,-0.02763208584443,0,0,0,1,Single Signal,1,0,1,2,40.0,Medium,3,No
UPI2026096037577831,2024-06-09 08:03:55,Advaith Mehta,advaith.mehta990@okicici,Canara Bank,Diya Agarwal,diya.agarwal182@oksbi,Union Bank of India,1858.28,P2P,Peer Transfer,Google Pay,iOS,Tamil Nadu,SUCCESS,,2024-06-09,8,6,6,2024,True,True,Medium,21,194601.94,9266.759047619047,15140.3660864171,9,75513.75,8390.416666666666,0,1,-0.0589002814317891,0,0,0,1,Single Signal,1,0,1,2,40.0,Medium,3,No
UPI2026099281920454,2024-06-09 15:17:56,Pooja Banerjee,pooja.banerjee201@oksbi,Union Bank of India,Myntra,myntra@okaxis,Axis Bank,9471.31,P2M,Shopping,Google Pay,Android,Telangana,SUCCESS,,2024-06-09,15,6,6,2024,True,True,Very High,18,101102.6,5616.811111111111,10648.23812546464,27,159586.67,5910.617407407408,1,1,-0.0209621956264476,0,0,0,2,Multiple Signals,1,0,1,2,55.0,Medium,4,No
UPI2026097491240668,2024-06-09 17:51:53,Pooja Mehta,pooja.mehta602@barodampay,HDFC Bank,Rahul Chauhan,rahul.chauhan687@okaxis,Bank of Baroda,20313.78,P2P,Peer Transfer,Google Pay,Android,Kerala,FAILED,BANK_SERVER_DOWN,2024-06-09,17,6,6,2024,True,True,Very High,28,138714.71,4954.096785714285,11142.503293840764,8,45478.97,5684.87125,1,1,-0.0087846643080473,0,0,0,2,Multiple Signals,1,1,0,2,55.0,Medium,4,No
UPI2026095717274497,2024-06-09 20:33:43,Sunita Gupta,sunita.gupta529@oksbi,Kotak Mahindra Bank,Amit Kapoor,amit.kapoor36@okicici,HDFC Bank,3964.77,P2P,Peer Transfer,Google Pay,Android,Rajasthan,FAILED,BANK_SERVER_DOWN,2024-06-09,20,6,6,2024,True,True,High,30,218098.6,7269.953333333334,12623.1232909662,10,74623.79000000001,7462.379000000001,0,1,-0.0845389945536218,0,0,0,1,Single Signal,1,1,1,3,55.0,Medium,4,No
UPI2026092945857110,2024-06-09 22:22:26,Arjun Kulkarni,arjun.kulkarni894@oksbi,IndusInd Bank,Medplus,medplus@okaxis,Canara Bank,2181.94,P2M,Healthcare,Paytm,Android,Kerala,SUCCESS,,2024-06-09,22,6,6,2024,True,True,High,19,165702.23,8721.17,12696.81049241808,31,84261.62,2718.1167741935483,0,1,-0.0282291161968943,0,0,0,1,Single Signal,1,1,1,3,55.0,Medium,4,No
UPI2026096010657233,2024-06-10 03:26:19,Aaryan Shah,aaryan.shah494@paytm,Axis Bank,Rohan Gupta,rohan.gupta50@okaxis,Canara Bank,47274.34,P2P,Peer Transfer,PhonePe,Android,Karnataka,SUCCESS,,2024-06-10,3,0,6,2024,True,True,Very High,20,84156.42,4207.821,10265.50352214429,9,107416.99,11935.22111111111,1,1,-0.0186107545886099,0,0,0,2,Multiple Signals,1,0,1,2,55.0,Medium,4,No
UPI2026098224344340,2024-06-10 13:24:10,Aadhya Sharma,aadhya.sharma409@ybl,Canara Bank,Apollo Pharmacy,apollophar@oksbi,ICICI Bank,4534.71,P2M,Healthcare,PhonePe,Android,Uttar Pradesh,SUCCESS,,2024-06-10,13,0,6,2024,True,True,High,25,171696.02000000002,6867.840800000001,14058.01821902152,26,65181.27,2506.971923076924,0,1,-0.0589502443513954,0,0,0,1,Single Signal,1,1,0,2,40.0,Medium,3,No
UPI2026095234974001,2024-06-10 15:41:18,Rahul Singh,rahul.singh935@okhdfcbank,Kotak Mahindra Bank,Amazon Pay Merchant,amazonpaym@paytm,Canara Bank,9076.61,P2M,Shopping,Amazon Pay,iOS,West Bengal,SUCCESS,,2024-06-10,15,0,6,2024,True,True,Very High,20,96512.28,4825.614,8659.465752089109,29,155794.66,5372.229655172414,1,1,-0.0201862042842702,0,0,0,2,Multiple Signals,1,0,1,2,55.0,Medium,4,No
UPI2026099412993371,2024-06-10 15:48:46,Sunita Gupta,sunita.gupta529@oksbi,Kotak Mahindra Bank,Amit Singh,amit.singh430@ibl,Bank of Baroda,9491.93,P2P,Peer Transfer,PhonePe,Android,Rajasthan,SUCCESS,,2024-06-10,15,0,6,2024,True,True,Very High,30,218098.6,7269.953333333334,12623.1232909662,8,75653.06,9456.6325,1,1,-0.0799119847676479,0,0,0,2,Multiple Signals,1,1,1,3,70.0,High,5,Yes
UPI2026094140659793,2024-06-10 16:05:42,Sai Shah,sai.shah414@okhdfcbank,Kotak Mahindra Bank,Kabir Pandey,kabir.pandey562@apl,Canara Bank,16294.6,P2P,Peer Transfer,Paytm,Android,Rajasthan,SUCCESS,,2024-06-10,16,0,6,2024,True,True,Very High,18,106699.68,5927.759999999999,8316.483147911387,11,152238.2,13839.836363636365,1,1,-0.0315706036254443,0,0,0,2,Multiple Signals,1,1,1,3,70.0,High,5,Yes
UPI2026096400609231,2024-06-10 22:13:20,Ishaan Iyer,ishaan.iyer93@barodampay,ICICI Bank,Ananya Chauhan,ananya.chauhan575@okicici,Bank of Baroda,41732.75,P2P,Peer Transfer,PhonePe,Android,Telangana,SUCCESS,,2024-06-10,22,0,6,2024,True,True,Very High,18,120141.01,6674.500555555556,13542.964041213636,7,124772.86,17824.694285714286,1,1,-0.0642452049707394,0,0,0,2,Multiple Signals,1,0,1,2,55.0,Medium,4,No
UPI2026092650009266,2024-06-10 23:10:14,Suresh Singh,suresh.singh512@apl,State Bank of India,Netflix India,netflixind@okhdfcbank,ICICI Bank,524.69,P2M,Entertainment,Google Pay,iOS,Karnataka,SUCCESS,,2024-06-10,23,0,6,2024,True,True,Medium,20,131375.4,6568.77,13139.059764850996,32,28271.39,883.4809375,0,1,-0.0157125237081267,0,0,0,1,Single Signal,1,1,1,3,55.0,Medium,4,No
UPI2026092919899052,2024-06-11 00:27:32,Atharva Saxena,atharva.saxena432@okhdfcbank,ICICI Bank,Myntra,myntra@oksbi,IndusInd Bank,1437.34,P2M,Shopping,Paytm,Android,Telangana,SUCCESS,,2024-06-11,0,1,6,2024,True,True,Medium,27,89842.58,3327.502962962963,9113.936471648924,28,129109.37,4611.048928571429,0,1,-0.0343149140979244,0,0,0,1,Single Signal,1,0,1,2,40.0,Medium,3,No
UPI2026094269551632,2024-06-11 03:50:55,Priya Mishra,priya.mishra845@oksbi,Union Bank of India,Arjun Singh,arjun.singh618@okhdfcbank,Canara Bank,44611.1,P2P,Peer Transfer,Google Pay,Android,Tamil Nadu,SUCCESS,,2024-06-11,3,1,6,2024,True,True,Very High,22,161103.91,7322.905,11964.79397959568,14,83531.29,5966.520714285713,1,1,-0.0276571361932411,0,0,0,2,Multiple Signals,1,0,1,2,55.0,Medium,4,No
UPI2026094075209021,2024-06-12 23:36:07,Vihaan Chauhan,vihaan.chauhan989@upi,Union Bank of India,Ritvik Mishra,ritvik.mishra621@apl,Kotak Mahindra Bank,339.09,P2P,Peer Transfer,PhonePe,Android,Telangana,SUCCESS,,2024-06-12,23,2,6,2024,True,True,Low,22,100695.43,4577.0650000000005,7736.833523137259,7,152070.07,21724.29571428572,0,1,-0.0651508898345738,0,0,0,1,Single Signal,1,1,1,3,55.0,Medium,4,No
UPI2026094130852074,2024-06-12 23:36:57,Vihaan Yadav,vihaan.yadav265@oksbi,Canara Bank,Reyansh Verma,reyansh.verma677@upi,HDFC Bank,30753.8,P2P,Peer Transfer,PhonePe,iOS,Tamil Nadu,SUCCESS,,2024-06-12,23,2,6,2024,True,True,Very High,14,92945.48,6638.962857142857,11391.677101585668,9,95894.01,10654.89,1,1,-0.0008174454789757,0,0,0,2,Multiple Signals,1,0,0,1,40.0,Medium,3,No
UPI2026095084619448,2024-06-13 01:26:53,Sneha Yadav,sneha.yadav307@ybl,ICICI Bank,Vihaan Kumar,vihaan.kumar769@paytm,Union Bank of India,41965.54,P2P,Peer Transfer,Paytm,Android,Tamil Nadu,SUCCESS,,2024-06-13,1,3,6,2024,True,True,Very High,21,74340.14,3540.0066666666667,8983.572023929197,12,55792.62,4649.384999999999,1,1,-0.0043285808089793,0,0,0,2,Multiple Signals,1,0,1,2,55.0,Medium,4,No
UPI2026092654593890,2024-06-13 02:01:46,Sneha Mishra,sneha.mishra58@ibl,Bank of Baroda,Prisha Kulkarni,prisha.kulkarni566@upi,Canara Bank,21756.49,P2P,Peer Transfer,Google Pay,iOS,Rajasthan,SUCCESS,,2024-06-13,2,3,6,2024,True,True,Very High,29,122371.44,4219.704827586207,8389.336005916177,10,34826.36,3482.636,1,1,-0.0030487969324705,0,0,0,2,Multiple Signals,1,1,1,3,70.0,High,5,Yes
UPI2026092333923258,2024-06-13 16:23:51,Aaryan Agarwal,aaryan.agarwal485@barodampay,IndusInd Bank,Vihaan Mehta,vihaan.mehta909@barodampay,State Bank of India,40654.12,P2P,Peer Transfer,Google Pay,Android,Gujarat,SUCCESS,,2024-06-13,16,3,6,2024,True,True,Very High,24,186894.45,7787.26875,13524.176545882983,9,114161.04,12684.56,1,1,-0.0532646140130704,0,0,0,2,Multiple Signals,1,0,1,2,55.0,Medium,4,No
UPI2026092114507446,2024-06-13 23:30:47,Ayaan Gupta,ayaan.gupta560@paytm,Union Bank of India,Vihaan Deshmukh,vihaan.deshmukh93@ybl,Canara Bank,41967.43,P2P,Peer Transfer,PhonePe,Android,Tamil Nadu,SUCCESS,,2024-06-13,23,3,6,2024,True,True,Very High,23,111566.94,4850.736521739131,10531.833085547492,10,130707.15,13070.715,1,1,-0.0466246972900115,0,0,0,2,Multiple Signals,1,0,1,2,55.0,Medium,4,No
UPI2026091087006959,2024-06-14 00:00:37,Pooja Singh,pooja.singh73@upi,Union Bank of India,Ananya Chauhan,ananya.chauhan575@okicici,Bank of Baroda,3428.47,P2P,Peer Transfer,PhonePe,Android,Delhi NCR,SUCCESS,,2024-06-14,0,4,6,2024,True,True,High,18,45394.74,2521.93,2631.1135565517857,7,124772.86,17824.694285714286,0,1,-0.0147300444643506,0,0,0,1,Single Signal,1,0,1,2,40.0,Medium,3,No
UPI2026099420884661,2024-06-14 00:45:26,Kavya Mishra,kavya.mishra267@okhdfcbank,State Bank of India,Amazon Pay Merchant,amazonpaym@okicici,Punjab National Bank,5764.97,P2M,Shopping,PhonePe,Android,Gujarat,SUCCESS,,2024-06-14,0,4,6,2024,True,True,Very High,15,90982.66,6065.510666666666,12254.160864898364,32,197283.93,6165.1228125,0,1,-0.0307796549952538,0,0,0,1,Single Signal,1,1,1,3,55.0,Medium,4,No
UPI2026099521160361,2024-06-14 17:38:43,Ishaan Kumar,ishaan.kumar563@ybl,ICICI Bank,Myntra,myntra@paytm,ICICI Bank,8599.17,P2M,Shopping,Google Pay,iOS,Karnataka,SUCCESS,,2024-06-14,17,4,6,2024,True,True,Very High,32,218609.16,6831.53625,11499.709856278632,20,108668.89,5433.4445,1,1,-0.070804636199492,0,0,0,2,Multiple Signals,1,1,1,3,70.0,High,5,Yes
UPI2026092138780553,2024-06-14 23:22:24,Kavya Chatterjee,kavya.chatterjee289@okaxis,State Bank of India,Prisha Rao,prisha.rao696@upi,Bank of Baroda,36566.15,P2P,Peer Transfer,Google Pay,Android,Telangana,PENDING,AWAITING_BANK_CONFIRMATION,2024-06-14,23,4,6,2024,True,True,Very High,23,134244.27000000002,5836.707391304349,12161.793079183835,8,97109.88,12138.735,1,1,-0.0149096889449417,0,0,0,2,Multiple Signals,1,0,0,1,40.0,Medium,3,No
UPI2026091598073335,2024-06-14 23:41:26,Sunita Pandey,sunita.pandey126@ibl,Bank of Baroda,Aanya Choudhury,aanya.choudhury277@okaxis,Punjab National Bank,17239.42,P2P,Peer Transfer,PhonePe,Android,Karnataka,SUCCESS,,2024-06-14,23,4,6,2024,True,True,Very High,20,101667.67,5083.3835,7810.884966912504,10,126395.32,12639.532,1,1,-0.0330047752891928,0,0,0,2,Multiple Signals,1,1,0,2,55.0,Medium,4,No
UPI2026096123304685,2024-06-15 04:41:37,Sunita Gupta,sunita.gupta529@oksbi,Kotak Mahindra Bank,BookMyShow,bookmyshow@okaxis,Bank of Baroda,843.13,P2M,Entertainment,Google Pay,Android,Rajasthan,SUCCESS,,2024-06-15,4,5,6,2024,True,True,Medium,30,218098.6,7269.953333333334,12623.1232909662,14,10573.85,755.275,0,1,-0.0408715169432771,0,0,0,1,Single Signal,1,0,1,2,40.0,Medium,3,No
UPI2026092574827487,2024-06-15 12:05:27,Kavya Patel,kavya.patel881@okicici,State Bank of India,Amazon Pay Merchant,amazonpaym@paytm,HDFC Bank,685.48,P2M,Shopping,PhonePe,Android,Kerala,SUCCESS,,2024-06-15,12,5,6,2024,True,True,Medium,23,48344.13,2101.918695652174,2405.599612867869,29,155794.66,5372.229655172414,0,1,-0.0094878094224475,0,0,0,1,Single Signal,1,0,1,2,40.0,Medium,3,No
UPI2026091317591682,2024-06-15 20:03:58,Anjali Deshmukh,anjali.deshmukh485@apl,ICICI Bank,Meera Banerjee,meera.banerjee322@barodampay,IndusInd Bank,22475.68,P2P,Peer Transfer,Google Pay,iOS,Tamil Nadu,SUCCESS,,2024-06-15,20,5,6,2024,True,True,Very High,28,102001.77,3642.9203571428575,5816.4203199922185,5,56589.32000000001,11317.864,1,1,-0.0035584570491372,0,0,0,2,Multiple Signals,1,0,0,1,40.0,Medium,3,No
UPI2026092537846579,2024-06-15 23:07:28,Amit Nair,amit.nair56@okaxis,Bank of Baroda,Netflix India,netflixind@apl,Canara Bank,1316.16,P2M,Entertainment,Google Pay,Android,Kerala,SUCCESS,,2024-06-15,23,5,6,2024,True,True,Medium,22,139868.22,6357.646363636363,12929.19930014397,31,26281.03,847.7751612903226,0,1,-0.0066512810093478,0,0,0,1,Single Signal,1,0,1,2,40.0,Medium,3,No
UPI2026096929478937,2024-06-16 00:45:31,Vivaan Malhotra,vivaan.malhotra684@paytm,Kotak Mahindra Bank,Blinkit,blinkit@okaxis,Union Bank of India,1982.11,P2M,Groceries,CRED,Android,Maharashtra,SUCCESS,,2024-06-16,0,6,6,2024,True,True,Medium,29,130569.6,4502.4,8235.562389340166,31,43412.98,1400.4187096774194,0,1,-0.0051305549559675,0,0,0,1,Single Signal,1,0,1,2,40.0,Medium,3,No
UPI2026095837373178,2024-06-16 08:43:16,Ananya Chauhan,ananya.chauhan575@okicici,Bank of Baroda,Riya Iyer,riya.iyer968@okaxis,HDFC Bank,45819.08,P2P,Peer Transfer,PhonePe,Android,Tamil Nadu,SUCCESS,,2024-06-16,8,6,6,2024,True,True,Very High,23,125810.1,5470.004347826087,10461.430796589671,8,124649.7,15581.2125,1,1,-0.0124292562959348,0,0,0,2,Multiple Signals,1,0,1,2,55.0,Medium,4,No
UPI2026097147051208,2024-06-16 09:02:41,Meera Verma,meera.verma370@upi,State Bank of India,Myntra,myntra@okicici,ICICI Bank,8628.11,P2M,Shopping,CRED,Android,Uttar Pradesh,SUCCESS,,2024-06-16,9,6,6,2024,True,True,Very High,18,39290.57,2182.8094444444446,2710.987230450262,27,145837.02,5401.371111111111,1,1,-0.0035801194511839,0,0,0,2,Multiple Signals,1,0,1,2,55.0,Medium,4,No
UPI2026092515744164,2024-06-16 14:04:45,Arjun Kulkarni,arjun.kulkarni894@oksbi,IndusInd Bank,Amazon Pay Merchant,amazonpaym@okicici,Bank of Baroda,7737.65,P2M,Shopping,Google Pay,Android,Kerala,SUCCESS,,2024-06-16,14,6,6,2024,True,True,Very High,19,165702.23,8721.17,12696.81049241808,32,197283.93,6165.1228125,0,1,-0.0696169608552184,0,0,0,1,Single Signal,1,1,1,3,55.0,Medium,4,No
UPI2026091271435542,2024-06-16 20:19:28,Krishna Pandey,krishna.pandey306@okaxis,IndusInd Bank,Rahul Choudhury,rahul.choudhury973@ybl,Punjab National Bank,32121.49,P2P,Peer Transfer,Google Pay,Android,Telangana,FAILED,TRANSACTION_LIMIT_EXCEEDED,2024-06-16,20,6,6,2024,True,True,Very High,26,114699.45,4411.517307692307,8167.823389096783,7,80100.96,11442.994285714289,1,1,-0.0192579275446947,0,0,0,2,Multiple Signals,1,0,0,1,40.0,Medium,3,No
UPI2026093556329609,2024-06-16 21:17:55,Aadhya Kapoor,aadhya.kapoor640@paytm,Axis Bank,Tanvi Pillai,tanvi.pillai446@okicici,Canara Bank,38393.6,P2P,Peer Transfer,Google Pay,iOS,Tamil Nadu,SUCCESS,,2024-06-16,21,6,6,2024,True,True,Very High,22,117295.66,5331.62090909091,9008.307732086563,7,76228.45999999999,10889.78,1,1,-0.0191157689084445,0,0,0,2,Multiple Signals,1,0,0,1,40.0,Medium,3,No
UPI2026091871940551,2024-06-16 22:57:24,Chiara Kulkarni,chiara.kulkarni967@apl,Canara Bank,Deepak Kumar,deepak.kumar541@okaxis,Union Bank of India,41715.56,P2P,Peer Transfer,Google Pay,Android,Delhi NCR,SUCCESS,,2024-06-16,22,6,6,2024,True,True,Very High,22,96355.51,4379.795909090909,9248.716450474249,10,102133.74,10213.374,1,1,-0.0269109471417287,0,0,0,2,Multiple Signals,1,0,1,2,55.0,Medium,4,No
UPI2026092919231837,2024-06-17 00:17:32,Meera Singh,meera.singh472@upi,Axis Bank,Ola Cabs,olacabs@okhdfcbank,Axis Bank,518.81,P2M,Transportation,Google Pay,Android,Kerala,FAILED,BANK_SERVER_DOWN,2024-06-17,0,0,6,2024,True,True,Medium,21,176864.68,8422.127619047618,13197.263509726135,17,5459.21,321.13,0,1,-0.0457446535582322,0,0,0,1,Single Signal,1,1,1,3,55.0,Medium,4,No
UPI2026097663269168,2024-06-17 11:12:27,Krishna Verma,krishna.verma303@apl,ICICI Bank,Amazon Pay Merchant,amazonpaym@okicici,HDFC Bank,6457.19,P2M,Shopping,Google Pay,Android,West Bengal,SUCCESS,,2024-06-17,11,0,6,2024,True,True,Very High,21,53223.77,2534.465238095238,2827.297509280937,32,197283.93,6165.1228125,0,1,-0.015593250739914,0,0,0,1,Single Signal,1,1,1,3,55.0,Medium,4,No
UPI2026098042864425,2024-06-17 17:31:29,Myra Singh,myra.singh822@oksbi,Union Bank of India,Ayaan Sharma,ayaan.sharma763@okicici,Canara Bank,39.08,P2P,Peer Transfer,PhonePe,Android,Delhi NCR,SUCCESS,,2024-06-17,17,0,6,2024,True,True,Low,30,155491.7,5183.056666666667,7406.470199478354,10,62877.22,6287.722,0,1,-0.030235031454857,0,0,0,1,Single Signal,1,1,1,3,55.0,Medium,4,No
UPI2026091088026326,2024-06-17 23:58:42,Anjali Verma,anjali.verma896@ibl,Kotak Mahindra Bank,Amazon Pay Merchant,amazonpaym@ibl,IndusInd Bank,6190.48,P2M,Shopping,Google Pay,Android,Karnataka,SUCCESS,,2024-06-17,23,0,6,2024,True,True,Very High,19,75762.54,3987.502105263158,10941.230017476491,27,134296.4,4973.940740740741,0,1,-0.0269681527607535,0,0,0,1,Single Signal,1,0,1,2,40.0,Medium,3,No
UPI2026099588389433,2024-06-18 20:03:32,Myra Verma,myra.verma40@oksbi,Axis Bank,Anvi Mehta,anvi.mehta154@oksbi,HDFC Bank,23918.12,P2P,Peer Transfer,Google Pay,Android,Delhi NCR,SUCCESS,,2024-06-18,20,1,6,2024,True,True,Very High,25,98661.84,3946.4736,7156.171035664416,11,131512.19,11955.653636363637,1,1,-0.0311805690229937,0,0,0,2,Multiple Signals,1,1,0,2,55.0,Medium,4,No
UPI2026097473379069,2024-06-18 20:16:15,Reyansh Chauhan,reyansh.chauhan36@ybl,IndusInd Bank,Ritvik Agarwal,ritvik.agarwal828@okaxis,IndusInd Bank,784.12,P2P,Peer Transfer,Google Pay,Android,Gujarat,SUCCESS,,2024-06-18,20,1,6,2024,True,True,Medium,17,100075.0,5886.764705882353,8190.48879008002,6,96836.95,16139.491666666669,0,1,-0.0159438665437402,0,0,0,1,Single Signal,1,0,1,2,40.0,Medium,3,No
UPI2026094349703112,2024-06-18 20:52:15,Ananya Joshi,ananya.joshi775@okhdfcbank,Punjab National Bank,Ritvik Das,ritvik.das428@ibl,IndusInd Bank,17826.68,P2P,Peer Transfer,PhonePe,iOS,Karnataka,SUCCESS,,2024-06-18,20,1,6,2024,True,True,Very High,26,141390.71,5438.104230769231,8775.187081425067,10,89042.94,8904.294,1,1,-0.0210298188489873,0,0,0,2,Multiple Signals,1,1,0,2,55.0,Medium,4,No
UPI2026099160123504,2024-06-19 08:08:19,Arjun Pandey,arjun.pandey567@upi,Union Bank of India,Krishna Deshmukh,krishna.deshmukh729@upi,State Bank of India,49843.79,P2P,Peer Transfer,Google Pay,Android,Rajasthan,SUCCESS,,2024-06-19,8,2,6,2024,True,True,Very High,24,138062.76,5752.615000000001,13339.39155015798,7,70674.04000000001,10096.29142857143,1,1,-0.0067008293295247,0,0,0,2,Multiple Signals,1,0,1,2,55.0,Medium,4,No
UPI2026096053964618,2024-06-19 08:51:19,Aadhya Singh,aadhya.singh377@ibl,IndusInd Bank,Ritvik Chatterjee,ritvik.chatterjee137@apl,Kotak Mahindra Bank,43671.29,P2P,Peer Transfer,PhonePe,Android,Uttar Pradesh,SUCCESS,,2024-06-19,8,2,6,2024,True,True,Very High,24,187937.54,7830.730833333334,12339.850167774715,10,97175.25,9717.525,1,1,-0.0324921697596886,0,0,0,2,Multiple Signals,1,0,0,1,40.0,Medium,3,No
UPI2026091608660728,2024-06-19 17:19:20,Sunita Gupta,sunita.gupta529@oksbi,Kotak Mahindra Bank,BESCOM / Electricity Bill,bescomelec@ybl,Axis Bank,3890.71,P2M,Bills & Utilities,PhonePe,Android,Rajasthan,SUCCESS,,2024-06-19,17,2,6,2024,True,True,High,30,218098.6,7269.953333333334,12623.1232909662,22,53956.65,2452.5750000000003,0,1,-0.0495494156051294,0,0,0,1,Single Signal,1,0,1,2,40.0,Medium,3,No
UPI2026098103623449,2024-06-19 23:25:40,Darsh Kulkarni,darsh.kulkarni725@paytm,ICICI Bank,Advik Joshi,advik.joshi55@paytm,HDFC Bank,24366.97,P2P,Peer Transfer,Google Pay,Android,Kerala,SUCCESS,,2024-06-19,23,2,6,2024,True,True,Very High,26,54914.66,2112.102307692308,4789.287900514904,9,125334.39,13926.043333333331,1,1,-0.0523571281363088,0,0,0,2,Multiple Signals,1,1,1,3,70.0,High,5,Yes
UPI2026097363729239,2024-06-19 23:35:16,Suresh Agarwal,suresh.agarwal150@okhdfcbank,Union Bank of India,Aanya Patel,aanya.patel420@oksbi,ICICI Bank,45464.59,P2P,Peer Transfer,Google Pay,Android,Tamil Nadu,SUCCESS,,2024-06-19,23,2,6,2024,True,True,Very High,21,141186.44999999998,6723.164285714285,13450.043232695783,16,110871.14,6929.44625,1,1,-0.0344595446680798,0,0,0,2,Multiple Signals,1,0,1,2,55.0,Medium,4,No
UPI2026098972841590,2024-06-20 07:57:53,Aadhya Singh,aadhya.singh377@ibl,IndusInd Bank,Myntra,myntra@ibl,Punjab National Bank,6570.12,P2M,Shopping,Google Pay,Android,Uttar Pradesh,SUCCESS,,2024-06-20,7,3,6,2024,True,True,Very High,24,187937.54,7830.730833333334,12339.850167774715,32,141082.73,4408.8353125,0,1,-0.088413358878955,0,0,0,1,Single Signal,1,0,1,2,40.0,Medium,3,No
UPI2026096824758077,2024-06-20 10:05:06,Aadhya Singh,aadhya.singh377@ibl,IndusInd Bank,Avani Pandey,avani.pandey208@ibl,Punjab National Bank,30585.66,P2P,Peer Transfer,Google Pay,Android,Uttar Pradesh,SUCCESS,,2024-06-20,10,3,6,2024,True,True,Very High,24,187937.54,7830.730833333334,12339.850167774715,8,88280.01,11035.00125,1,1,-0.0592787283509134,0,0,0,2,Multiple Signals,1,0,1,2,55.0,Medium,4,No
UPI2026092612225481,2024-06-21 10:09:21,Vivaan Das,vivaan.das904@apl,HDFC Bank,Amazon Pay Merchant,amazonpaym@okicici,Canara Bank,9322.48,P2M,Shopping,Paytm,Android,Gujarat,SUCCESS,,2024-06-21,10,4,6,2024,True,True,Very High,23,84945.36,3693.27652173913,4880.061614454183,32,197283.93,6165.1228125,1,1,-0.0216034023578484,0,0,0,2,Multiple Signals,1,1,1,3,70.0,High,5,Yes
UPI2026091490936750,2024-06-21 23:54:24,Pooja Das,pooja.das736@paytm,Kotak Mahindra Bank,Deepak Patel,deepak.patel364@apl,Kotak Mahindra Bank,562.91,P2P,Peer Transfer,Paytm,Android,Karnataka,SUCCESS,,2024-06-21,23,4,6,2024,True,True,Medium,26,47909.25,1842.6634615384608,2557.569031510888,14,130141.34,9295.81,0,1,-0.0216247150652596,0,0,0,1,Single Signal,1,1,1,3,55.0,Medium,4,No
UPI2026094549548567,2024-06-22 01:44:42,Arjun Kumar,arjun.kumar768@okhdfcbank,State Bank of India,Decathlon,decathlon@oksbi,State Bank of India,8942.63,P2M,Shopping,PhonePe,iOS,Rajasthan,SUCCESS,,2024-06-22,1,5,6,2024,True,True,Very High,29,83086.70999999999,2865.058965517241,5782.128913585094,28,142490.27,5088.938214285714,1,1,-0.0640879140692617,0,0,0,2,Multiple Signals,1,0,1,2,55.0,Medium,4,No
UPI2026098351279458,2024-06-22 03:05:41,Kavya Chatterjee,kavya.chatterjee289@okaxis,State Bank of India,Riya Rao,riya.rao583@ybl,Kotak Mahindra Bank,49005.05,P2P,Peer Transfer,PhonePe,Android,Telangana,SUCCESS,,2024-06-22,3,5,6,2024,True,True,Very High,23,134244.27000000002,5836.707391304349,12161.793079183835,10,135456.41,13545.641,1,1,-0.0504870947100494,0,0,0,2,Multiple Signals,1,0,1,2,55.0,Medium,4,No
UPI2026095222870914,2024-06-22 08:59:36,Avani Kumar,avani.kumar321@okicici,ICICI Bank,Amazon Pay Merchant,amazonpaym@okicici,Bank of Baroda,8837.33,P2M,Shopping,Google Pay,iOS,Telangana,SUCCESS,,2024-06-22,8,5,6,2024,True,True,Very High,20,66031.74,3301.5870000000004,2611.7972846905336,32,197283.93,6165.1228125,1,1,-0.0227234358879525,0,0,0,2,Multiple Signals,1,1,1,3,70.0,High,5,Yes
UPI2026094653316493,2024-06-22 13:02:42,Ishaan Kumar,ishaan.kumar563@ybl,ICICI Bank,BookMyShow,bookmyshow@paytm,Axis Bank,1390.3,P2M,Entertainment,Paytm,iOS,Karnataka,SUCCESS,,2024-06-22,13,5,6,2024,True,True,Medium,32,218609.16,6831.53625,11499.709856278632,29,24048.81,829.2693103448277,0,1,-0.0550679163683393,0,0,0,1,Single Signal,1,1,1,3,55.0,Medium,4,No
UPI2026099397041061,2024-06-23 03:15:58,Sunita Verma,sunita.verma218@ybl,Union Bank of India,Aanya Patel,aanya.patel420@oksbi,ICICI Bank,944.3,P2P,Peer Transfer,Google Pay,Android,Tamil Nadu,SUCCESS,,2024-06-23,3,6,6,2024,True,True,Medium,29,65376.83,2254.3734482758623,3814.5196020930302,16,110871.14,6929.44625,0,1,-0.0265339403058317,0,0,0,1,Single Signal,1,1,1,3,55.0,Medium,4,No
UPI2026091679193609,2024-06-23 03:36:18,Sunita Verma,sunita.verma218@ybl,Union Bank of India,Rohan Sharma,rohan.sharma72@apl,Bank of Baroda,18251.27,P2P,Peer Transfer,Google Pay,Android,Tamil Nadu,SUCCESS,,2024-06-23,3,6,6,2024,True,True,Very High,29,65376.83,2254.3734482758623,3814.5196020930302,7,45671.17,6524.452857142857,1,0,0.0122795976005261,0,0,0,1,Single Signal,0,1,1,2,40.0,Medium,3,No
UPI2026097700556857,2024-06-23 08:22:21,Aadhya Mehta,aadhya.mehta886@paytm,HDFC Bank,Aditya Banerjee,aditya.banerjee362@oksbi,Union Bank of India,860.3,P2P,Peer Transfer,PhonePe,Android,Telangana,SUCCESS,,2024-06-23,8,6,6,2024,True,True,Medium,23,42004.92,1826.3008695652168,3358.199273746291,8,120824.96,15103.12,0,1,-0.0112745656159536,0,0,0,1,Single Signal,1,0,1,2,40.0,Medium,3,No
UPI2026097345972539,2024-06-23 09:50:53,Ishaan Kumar,ishaan.kumar563@ybl,ICICI Bank,Hotstar,hotstar@okhdfcbank,Union Bank of India,713.52,P2M,Entertainment,Google Pay,iOS,Karnataka,SUCCESS,,2024-06-23,9,6,6,2024,True,True,Medium,32,218609.16,6831.53625,11499.709856278632,17,13173.97,774.9394117647059,0,1,-0.0311838985991382,0,0,0,1,Single Signal,1,1,1,3,55.0,Medium,4,No
UPI2026098278395810,2024-06-23 19:17:12,Amit Banerjee,amit.banerjee344@paytm,Kotak Mahindra Bank,Chai Point,chaipoint@okicici,Canara Bank,1290.98,P2M,Food & Dining,Google Pay,iOS,Rajasthan,SUCCESS,,2024-06-23,19,6,6,2024,True,True,Medium,25,152236.66,6089.4664,13387.897291577658,31,21862.52,705.2425806451613,0,1,-0.0258017963544782,0,0,0,1,Single Signal,1,0,1,2,40.0,Medium,3,No
UPI2026095574062349,2024-06-23 19:47:19,Kabir Reddy,kabir.reddy135@apl,State Bank of India,Kabir Pandey,kabir.pandey562@apl,Canara Bank,4910.59,P2P,Peer Transfer,PhonePe,Android,Delhi NCR,SUCCESS,,2024-06-23,19,6,6,2024,True,True,High,17,28304.33,1664.9605882352942,1850.240489009032,11,152238.2,13839.836363636365,0,1,-0.0139477941473808,0,0,0,1,Single Signal,1,1,1,3,55.0,Medium,4,No
UPI2026098120142254,2024-06-23 23:33:31,Pooja Rao,pooja.rao488@upi,ICICI Bank,Aditya Agarwal,aditya.agarwal672@okaxis,Kotak Mahindra Bank,48998.04,P2P,Peer Transfer,Amazon Pay,Android,Kerala,SUCCESS,,2024-06-23,23,6,6,2024,True,True,Very High,14,68696.03,4906.859285714286,12839.496107234274,6,92286.28,15381.046666666669,1,1,-0.02920514178134,0,0,0,2,Multiple Signals,1,0,1,2,55.0,Medium,4,No
UPI2026097338926260,2024-06-24 00:41:25,Riya Nair,riya.nair43@okaxis,Kotak Mahindra Bank,Amazon Pay Merchant,amazonpaym@upi,Kotak Mahindra Bank,9986.52,P2M,Shopping,PhonePe,Android,Uttar Pradesh,SUCCESS,,2024-06-24,0,0,6,2024,True,True,Very High,19,77776.1,4093.478947368421,5082.886498571997,25,132121.37,5284.8548,1,1,-0.0176605615215209,0,0,0,2,Multiple Signals,1,0,1,2,55.0,Medium,4,No
UPI2026098960435535,2024-06-24 18:05:16,Shaurya Chatterjee,shaurya.chatterjee435@apl,Canara Bank,Flipkart,flipkart@okicici,Punjab National Bank,4789.6,P2M,Shopping,Google Pay,Android,Delhi NCR,SUCCESS,,2024-06-24,18,0,6,2024,True,True,High,19,39165.65,2061.35,2526.6523947398155,25,139261.91,5570.4764000000005,0,1,-0.0003945206895233,0,0,0,1,Single Signal,1,0,1,2,40.0,Medium,3,No
UPI2026094368659328,2024-06-25 05:55:25,Anvi Patel,anvi.patel490@apl,Kotak Mahindra Bank,Isha Sharma,isha.sharma124@ibl,Kotak Mahindra Bank,7127.32,P2P,Peer Transfer,BHIM,Android,Uttar Pradesh,SUCCESS,,2024-06-25,5,1,6,2024,True,True,Very High,19,30065.03,1582.37,1837.8602476370293,10,133184.75,13318.475,0,1,-0.0085332590356036,0,0,0,1,Single Signal,1,0,1,2,40.0,Medium,3,No
UPI2026096545145837,2024-06-25 07:17:45,Ishaan Kumar,ishaan.kumar563@ybl,ICICI Bank,Medplus,medplus@okhdfcbank,Bank of Baroda,3340.86,P2M,Healthcare,Google Pay,Android,Karnataka,SUCCESS,,2024-06-25,7,1,6,2024,True,True,High,32,218609.16,6831.53625,11499.709856278632,26,66188.47,2545.710384615385,0,1,-0.059368937511914,0,0,0,1,Single Signal,1,1,1,3,55.0,Medium,4,No
UPI2026098307101846,2024-06-25 09:07:35,Anvi Kapoor,anvi.kapoor389@oksbi,Union Bank of India,Neha Chauhan,neha.chauhan448@barodampay,Bank of Baroda,40557.33,P2P,Peer Transfer,Axis Pay,Android,Delhi NCR,SUCCESS,,2024-06-25,9,1,6,2024,True,True,Very High,24,124488.87,5187.03625,8441.263960519394,11,88597.89,8054.353636363637,1,1,-0.0164134087288417,0,0,0,2,Multiple Signals,1,0,0,1,40.0,Medium,3,No
UPI2026097379798562,2024-06-25 09:47:24,Arjun Pandey,arjun.pandey567@upi,Union Bank of India,Apollo Pharmacy,apollophar@upi,Canara Bank,3856.95,P2M,Healthcare,PhonePe,Android,Rajasthan,SUCCESS,,2024-06-25,9,1,6,2024,True,True,High,24,138062.76,5752.615000000001,13339.39155015798,37,101003.14,2729.8145945945944,0,1,-0.0411170268740018,0,0,0,1,Single Signal,1,1,1,3,55.0,Medium,4,No
UPI2026093808911249,2024-06-25 14:53:32,Deepak Chauhan,deepak.chauhan316@apl,HDFC Bank,Amazon Pay Merchant,amazonpaym@ybl,Axis Bank,9855.39,P2M,Shopping,Paytm,iOS,Telangana,SUCCESS,,2024-06-25,14,1,6,2024,True,True,Very High,32,163415.76,5106.7425,9263.142042390542,27,130319.81,4826.659629629629,1,1,-0.0842927784338255,0,0,0,2,Multiple Signals,1,1,1,3,70.0,High,5,Yes
UPI2026091527197371,2024-06-25 18:30:12,Ananya Chatterjee,ananya.chatterjee791@oksbi,IndusInd Bank,Amazon Pay Merchant,amazonpaym@ybl,IndusInd Bank,1737.74,P2M,Shopping,Google Pay,Android,Tamil Nadu,SUCCESS,,2024-06-25,18,1,6,2024,True,True,Medium,26,130018.46,5000.71,9760.534034857725,27,130319.81,4826.659629629629,0,1,-0.0470007522132297,0,0,0,1,Single Signal,1,0,1,2,40.0,Medium,3,No
UPI2026093038071113,2024-06-25 21:50:14,Aditya Menon,aditya.menon480@upi,State Bank of India,BookMyShow,bookmyshow@oksbi,Axis Bank,682.36,P2M,Entertainment,Amazon Pay,Android,Gujarat,SUCCESS,,2024-06-25,21,1,6,2024,True,True,Medium,22,195236.88,8874.403636363637,13646.56428523924,25,21096.88,843.8752000000001,0,1,-0.0533918647309503,0,0,0,1,Single Signal,1,1,1,3,55.0,Medium,4,No
UPI2026097878406179,2024-06-25 22:33:18,Aditya Menon,aditya.menon480@upi,State Bank of India,Medplus,medplus@ibl,Axis Bank,2587.18,P2M,Healthcare,PhonePe,Android,Gujarat,SUCCESS,,2024-06-25,22,1,6,2024,True,True,High,22,195236.88,8874.403636363637,13646.56428523924,30,74665.36,2488.845333333333,0,1,-0.0791430675275812,0,0,0,1,Single Signal,1,1,1,3,55.0,Medium,4,No
UPI2026095254215023,2024-06-25 22:53:22,Ishaan Kumar,ishaan.kumar563@ybl,ICICI Bank,Local Kirana Store,localkiran@okaxis,Union Bank of India,2259.69,P2M,Groceries,Google Pay,Android,Karnataka,SUCCESS,,2024-06-25,22,1,6,2024,True,True,High,32,218609.16,6831.53625,11499.709856278632,20,31185.36,1559.268,0,1,-0.0475870072858717,0,0,0,1,Single Signal,1,1,1,3,55.0,Medium,4,No
UPI2026091227151623,2024-06-26 01:11:46,Aaryan Agarwal,aaryan.agarwal485@barodampay,IndusInd Bank,Medplus,medplus@ibl,HDFC Bank,1277.42,P2M,Healthcare,PhonePe,Android,Gujarat,SUCCESS,,2024-06-26,1,2,6,2024,True,True,Medium,24,186894.45,7787.26875,13524.176545882983,30,74665.36,2488.845333333333,0,1,-0.0659789263277442,0,0,0,1,Single Signal,1,1,1,3,55.0,Medium,4,No
UPI2026097902823328,2024-06-26 10:10:31,Sneha Chatterjee,sneha.chatterjee698@ybl,HDFC Bank,Vihaan Chauhan,vihaan.chauhan989@upi,Union Bank of India,37108.78,P2P,Peer Transfer,PhonePe,Android,Gujarat,SUCCESS,,2024-06-26,10,2,6,2024,True,True,Very High,25,133937.88999999998,5357.5156,10294.432992341088,7,101271.0,14467.285714285714,1,1,-0.0160087403252034,0,0,0,2,Multiple Signals,1,0,0,1,40.0,Medium,3,No
UPI2026093198860775,2024-06-26 23:10:30,Deepak Iyer,deepak.iyer833@apl,Union Bank of India,Aadhya Sharma,aadhya.sharma409@ybl,Canara Bank,32792.32,P2P,Peer Transfer,PhonePe,Android,West Bengal,SUCCESS,,2024-06-26,23,2,6,2024,True,True,Very High,23,150547.09,6545.525652173913,12276.221064478055,12,51829.25,4319.104166666667,1,1,-0.0287080921469883,0,0,0,2,Multiple Signals,1,0,1,2,55.0,Medium,4,No
UPI2026099194526349,2024-06-27 00:00:06,Krishna Menon,krishna.menon114@upi,State Bank of India,Saanvi Mehta,saanvi.mehta760@oksbi,IndusInd Bank,380.55,P2P,Peer Transfer,Google Pay,Android,Kerala,SUCCESS,,2024-06-27,0,3,6,2024,True,True,Low,27,138172.2,5117.488888888889,9649.667638612196,13,89322.1,6870.930769230769,0,1,-0.0192416686388281,0,0,0,1,Single Signal,1,1,0,2,40.0,Medium,3,No
UPI2026097204535968,2024-06-27 04:29:27,Myra Singh,myra.singh788@oksbi,Canara Bank,Aditya Malhotra,aditya.malhotra894@okhdfcbank,State Bank of India,32232.44,P2P,Peer Transfer,Google Pay,Android,Tamil Nadu,SUCCESS,,2024-06-27,4,3,6,2024,True,True,Very High,21,123049.98,5859.522857142857,11896.107946527783,11,145369.18,13215.38,1,1,-0.0411160221665473,0,0,0,2,Multiple Signals,1,0,1,2,55.0,Medium,4,No
UPI2026091879033600,2024-06-27 12:44:39,Ritvik Agarwal,ritvik.agarwal776@apl,Axis Bank,Krishna Verma,krishna.verma370@upi,Punjab National Bank,8922.62,P2P,Peer Transfer,Google Pay,Android,Rajasthan,FAILED,INCORRECT_UPI_PIN,2024-06-27,12,3,6,2024,True,True,Very High,17,76696.79,4511.57588235294,6663.896827693106,10,193165.06,19316.506,1,1,-0.0128552597073191,0,0,0,2,Multiple Signals,1,0,0,1,40.0,Medium,3,No
UPI2026095696255827,2024-06-27 16:19:29,Rohan Gupta,rohan.gupta616@barodampay,ICICI Bank,Suresh Agarwal,suresh.agarwal150@okhdfcbank,Union Bank of India,13006.4,P2P,Peer Transfer,PhonePe,Android,Tamil Nadu,SUCCESS,,2024-06-27,16,3,6,2024,True,True,Very High,29,68361.69,2357.299655172414,3160.5191360783965,5,14624.72,2924.944,1,0,0.0369533777812279,0,0,0,1,Single Signal,0,1,1,2,40.0,Medium,3,No
UPI2026095496651691,2024-06-27 17:52:49,Riya Mehta,riya.mehta477@upi,ICICI Bank,Krishna Verma,krishna.verma370@upi,Punjab National Bank,41420.69,P2P,Peer Transfer,PhonePe,Android,Gujarat,SUCCESS,,2024-06-27,17,3,6,2024,True,True,Very High,17,71917.6,4230.44705882353,9913.856521418498,10,193165.06,19316.506,1,1,-0.0592408917380881,0,0,0,2,Multiple Signals,1,1,1,3,70.0,High,5,Yes
UPI2026094009862348,2024-06-27 19:53:20,Reyansh Kapoor,reyansh.kapoor875@apl,State Bank of India,Amazon Pay Merchant,amazonpaym@paytm,State Bank of India,9165.62,P2M,Shopping,PhonePe,Android,Rajasthan,SUCCESS,,2024-06-27,19,3,6,2024,True,True,Very High,30,151180.9,5039.363333333333,9175.391615074994,29,155794.66,5372.229655172414,1,1,-0.0899586460421771,0,0,0,2,Multiple Signals,1,1,1,3,70.0,High,5,Yes
UPI2026099246699748,2024-06-27 23:37:23,Vihaan Deshmukh,vihaan.deshmukh93@ybl,Canara Bank,Jio Recharge,jiorecharg@oksbi,HDFC Bank,2746.97,P2M,Bills & Utilities,PhonePe,Android,Gujarat,SUCCESS,,2024-06-27,23,3,6,2024,True,True,High,17,151223.72,8895.51294117647,15636.4790740398,35,85577.55,2445.072857142857,0,1,-0.0764499008286351,0,0,0,1,Single Signal,1,1,1,3,55.0,Medium,4,No
UPI2026095982555357,2024-06-28 00:25:43,Anjali Yadav,anjali.yadav865@upi,HDFC Bank,Rohan Agarwal,rohan.agarwal600@ybl,Axis Bank,3852.13,P2P,Peer Transfer,PhonePe,Android,Telangana,SUCCESS,,2024-06-28,0,4,6,2024,True,True,High,18,92995.28,5166.404444444444,8867.812836422201,5,101699.61,20339.922,0,1,-0.0275785090066739,0,0,0,1,Single Signal,1,1,1,3,55.0,Medium,4,No
UPI2026094446284923,2024-06-28 02:33:16,Arjun Kulkarni,arjun.kulkarni894@oksbi,IndusInd Bank,Myra Chatterjee,myra.chatterjee919@okaxis,Bank of Baroda,22509.78,P2P,Peer Transfer,CRED,Android,Kerala,SUCCESS,,2024-06-28,2,4,6,2024,True,True,Very High,19,165702.23,8721.17,12696.81049241808,6,45109.2,7518.2,1,1,-0.0112571702878437,0,0,0,2,Multiple Signals,1,1,0,2,55.0,Medium,4,No
UPI2026098166365954,2024-06-28 05:26:18,Myra Singh,myra.singh822@oksbi,Union Bank of India,Uber India,uberindia@ybl,Union Bank of India,310.02,P2M,Transportation,PhonePe,Android,Delhi NCR,SUCCESS,,2024-06-28,5,4,6,2024,True,True,Low,30,155491.7,5183.056666666667,7406.470199478354,25,8311.24,332.4496,0,1,-0.0022704339837009,0,0,0,1,Single Signal,1,0,1,2,40.0,Medium,3,No
UPI2026097011300728,2024-06-28 21:27:30,Sunita Verma,sunita.verma218@ybl,Union Bank of India,Diya Bhat,diya.bhat157@ibl,Punjab National Bank,232.97,P2P,Peer Transfer,PhonePe,Android,Tamil Nadu,SUCCESS,,2024-06-28,21,4,6,2024,True,True,Low,29,65376.83,2254.3734482758623,3814.5196020930302,14,133998.24,9571.302857142857,0,1,-0.0332511664741884,0,0,0,1,Single Signal,1,1,1,3,55.0,Medium,4,No
UPI2026094199831515,2024-06-29 00:26:34,Reyansh Kapoor,reyansh.kapoor22@barodampay,Kotak Mahindra Bank,Navya Pillai,navya.pillai245@upi,Union Bank of India,8726.13,P2P,Peer Transfer,PhonePe,iOS,West Bengal,SUCCESS,,2024-06-29,0,5,6,2024,True,True,Very High,23,159972.54,6955.3278260869565,11468.783275782278,8,12048.22,1506.0275,1,1,-0.011298841359006,0,0,0,2,Multiple Signals,1,1,1,3,70.0,High,5,Yes
UPI2026098500593988,2024-06-29 05:17:47,Kabir Agarwal,kabir.agarwal818@paytm,Punjab National Bank,Myra Singh,myra.singh788@oksbi,Canara Bank,42163.37,P2P,Peer Transfer,PhonePe,Android,Rajasthan,SUCCESS,,2024-06-29,5,5,6,2024,True,True,Very High,36,134119.66,3725.5461111111113,7339.8038364259455,6,69509.76000000001,11584.96,1,1,-0.0606662852455575,0,0,0,2,Multiple Signals,1,1,1,3,70.0,High,5,Yes
UPI2026093087226931,2024-06-29 07:19:41,Vivaan Agarwal,vivaan.agarwal698@ybl,IndusInd Bank,Uber India,uberindia@paytm,HDFC Bank,295.69,P2M,Transportation,BHIM,Android,Maharashtra,SUCCESS,,2024-06-29,7,5,6,2024,True,True,Low,16,166002.22,10375.13875,17755.55139783982,22,8507.73,386.715,0,1,-0.0317681232741094,0,0,0,1,Single Signal,1,1,1,3,55.0,Medium,4,No
UPI2026094731989676,2024-06-29 10:49:54,Pooja Verma,pooja.verma629@okicici,Canara Bank,Pooja Deshmukh,pooja.deshmukh37@oksbi,Bank of Baroda,35603.7,P2P,Peer Transfer,PhonePe,Android,Telangana,SUCCESS,,2024-06-29,10,5,6,2024,True,True,Very High,28,168284.87,6010.173928571428,10693.936580287096,9,74132.94,8236.993333333334,1,1,-0.0372145235563041,0,0,0,2,Multiple Signals,1,0,1,2,55.0,Medium,4,No
UPI2026095777060140,2024-06-29 15:07:55,Chiara Agarwal,chiara.agarwal429@barodampay,State Bank of India,Riya Iyer,riya.iyer968@okaxis,HDFC Bank,44573.75,P2P,Peer Transfer,PhonePe,Android,Tamil Nadu,SUCCESS,,2024-06-29,15,5,6,2024,True,True,Very High,23,75997.61,3304.243913043478,9163.773977349734,8,124649.7,15581.2125,1,1,-0.0417356712558969,0,0,0,2,Multiple Signals,1,0,1,2,55.0,Medium,4,No
UPI2026099436050080,2024-06-29 22:13:26,Sunita Agarwal,sunita.agarwal189@apl,Union Bank of India,Isha Choudhury,isha.choudhury607@okicici,Axis Bank,28082.58,P2P,Peer Transfer,Google Pay,Android,West Bengal,FAILED,INCORRECT_UPI_PIN,2024-06-29,22,5,6,2024,True,True,Very High,21,105710.25,5033.821428571428,8856.411746340213,7,89735.39,12819.341428571428,1,1,-0.0044214623710931,0,0,0,2,Multiple Signals,1,0,0,1,40.0,Medium,3,No
UPI2026094047876733,2024-06-30 00:27:42,Arjun Pandey,arjun.pandey567@upi,Union Bank of India,Jio Recharge,jiorecharg@oksbi,Kotak Mahindra Bank,456.65,P2M,Bills & Utilities,Google Pay,iOS,Rajasthan,SUCCESS,,2024-06-30,0,6,6,2024,True,True,Low,24,138062.76,5752.615000000001,13339.39155015798,35,85577.55,2445.072857142857,0,1,-0.0557446667088514,0,0,0,1,Single Signal,1,1,1,3,55.0,Medium,4,No
UPI2026098558936248,2024-06-30 01:18:36,Advik Malhotra,advik.malhotra30@barodampay,ICICI Bank,Cult.fit,cult.fit@okaxis,HDFC Bank,1538.7,P2M,Health & Fitness,PhonePe,Android,Delhi NCR,SUCCESS,,2024-06-30,1,6,6,2024,True,True,Medium,28,113889.86,4067.495,4740.471683895868,25,74312.04,2972.4816,0,1,-0.0107249768431945,0,0,0,1,Single Signal,1,1,0,2,40.0,Medium,3,No
UPI2026092614266485,2024-06-30 07:01:29,Anjali Deshmukh,anjali.deshmukh485@apl,ICICI Bank,Rohan Kulkarni,rohan.kulkarni621@okhdfcbank,HDFC Bank,2405.51,P2P,Peer Transfer,BHIM,Android,Tamil Nadu,SUCCESS,,2024-06-30,7,6,6,2024,True,True,High,28,102001.77,3642.9203571428575,5816.4203199922185,10,104646.9,10464.69,0,1,-0.0256551651682187,0,0,0,1,Single Signal,1,1,0,2,40.0,Medium,3,No
UPI2026096975864932,2024-06-30 13:13:15,Deepak Chauhan,deepak.chauhan316@apl,HDFC Bank,Flipkart,flipkart@barodampay,Union Bank of India,2954.43,P2M,Shopping,Google Pay,Android,Telangana,SUCCESS,,2024-06-30,13,6,6,2024,True,True,High,32,163415.76,5106.7425,9263.142042390542,19,96464.73,5077.091052631578,0,1,-0.0456051267084586,0,0,0,1,Single Signal,1,1,1,3,55.0,Medium,4,No
UPI2026094353660389,2024-06-30 15:55:26,Myra Singh,myra.singh822@oksbi,Union Bank of India,BESCOM / Electricity Bill,bescomelec@okicici,Canara Bank,1308.86,P2M,Bills & Utilities,Paytm,Android,Delhi NCR,SUCCESS,,2024-06-30,15,6,6,2024,True,True,Medium,30,155491.7,5183.056666666667,7406.470199478354,27,55369.9,2050.737037037037,0,1,-0.0326571643272932,0,0,0,1,Single Signal,1,1,0,2,40.0,Medium,3,No
UPI2026091802241598,2024-06-30 17:32:58,Aditya Chauhan,aditya.chauhan980@oksbi,Axis Bank,Aanya Choudhury,aanya.choudhury277@okaxis,Punjab National Bank,1505.03,P2P,Peer Transfer,PhonePe,Android,Maharashtra,SUCCESS,,2024-06-30,17,6,6,2024,True,True,Medium,23,52816.37,2296.3639130434785,2488.5435301757225,10,126395.32,12639.532,0,1,-0.0185137252860912,0,0,0,1,Single Signal,1,0,1,2,40.0,Medium,3,No
